norm_id,norm_type,spec,contract,code_module,test_ids,evidence,status
API-CNS-001,API,specs/state-machines/consent-decision.spec.yaml#API-CNS-001;specs/state-machines/common.spec.yaml#API-CNS-001;specs/state-machines/tenant-context.spec.yaml#API-CNS-001,contracts/openapi/consent-it0.openapi.yaml#API-CNS-001,,,,SPEC_ONLY
API-CNS-100,API,,contracts/openapi/consent-it0.openapi.yaml#API-CNS-100,,,,SPEC_ONLY
API-CNS-101,API,,contracts/openapi/consent-it0.openapi.yaml#API-CNS-101,src/server/entrypoints/dev.ts;src/server/entrypoints/http/consent-flow-server.ts;src/server/entrypoints/http/consent-flow.handler.ts;src/server/entrypoints/http/link-handle.ts;src/server/modules/invitation,TEST-CNS-501;TEST-CNS-509;TEST-CNS-510;TEST-CNS-511;TEST-CNS-512;TEST-CNS-513;TEST-CNS-537;TEST-CNS-543;TEST-CNS-558;TEST-CNS-610;TEST-CNS-612;TEST-CNS-614;TEST-CNS-618;TEST-CNS-721;TEST-CNS-872,,BUILT_IT0
API-CNS-102,API,,contracts/openapi/consent-it0.openapi.yaml#API-CNS-102,src/server/entrypoints/http/consent-flow-server.ts;src/server/entrypoints/http/link-handle.ts;src/server/entrypoints/http/manage-page.ts;src/server/entrypoints/http/revocation-flow.handler.ts;src/server/modules/revocation,TEST-CNS-581;TEST-CNS-611;TEST-CNS-613;TEST-CNS-615;TEST-CNS-619;TEST-CNS-873;TEST-CNS-968,,BUILT_IT0
API-CNS-103,API,,contracts/openapi/consent-it0.openapi.yaml#API-CNS-103,src/server/entrypoints/http/consent-flow-server.ts;src/server/entrypoints/http/recovery-handle.ts;src/server/entrypoints/http/revocation-flow.handler.ts,TEST-CNS-592;TEST-CNS-594;TEST-CNS-599;TEST-CNS-600;TEST-CNS-601;TEST-CNS-603;TEST-CNS-874,,BUILT_IT0
API-CNS-105,API,,contracts/openapi/consent-it0.openapi.yaml#API-CNS-105,src/server/entrypoints/dev.ts;src/server/entrypoints/http/consent-flow-server.ts;src/server/entrypoints/http/dev-staff-console.handler.ts;src/server/entrypoints/http/staff-console.handler.ts;src/server/entrypoints/http/staff-ui.handler.ts;src/server/modules/tenant-context,TEST-CNS-722;TEST-CNS-880;TEST-CNS-1061;TEST-CNS-1112;TEST-CNS-1122,,BUILT_IT0
API-CNS-106,API,,contracts/openapi/consent-it0.openapi.yaml#API-CNS-106,,,,SPEC_ONLY
API-CNS-107,API,,contracts/openapi/consent-it0.openapi.yaml#API-CNS-107,,,,SPEC_ONLY
API-CNS-110,API,specs/state-machines/invitation.spec.yaml#API-CNS-110,contracts/openapi/consent-it0.openapi.yaml#API-CNS-110,src/server/entrypoints/http/staff-console.handler.ts;src/server/modules/invitation,TEST-CNS-722;TEST-CNS-1061;TEST-CNS-1112,,BUILT_IT0
API-CNS-111,API,,contracts/openapi/consent-it0.openapi.yaml#API-CNS-111,src/server/entrypoints/http/staff-console.handler.ts,TEST-CNS-722;TEST-CNS-1061;TEST-CNS-1112,,BUILT_IT0
API-CNS-112,API,,contracts/openapi/consent-it0.openapi.yaml#API-CNS-112,src/server/entrypoints/http/staff-console.handler.ts,TEST-CNS-722;TEST-CNS-1061;TEST-CNS-1112,,BUILT_IT0
API-CNS-113,API,,contracts/openapi/consent-it0.openapi.yaml#API-CNS-113,,,,SPEC_ONLY
API-CNS-114,API,,contracts/openapi/consent-it0.openapi.yaml#API-CNS-114,,,,SPEC_ONLY
API-CNS-115,API,,contracts/openapi/consent-it0.openapi.yaml#API-CNS-115,src/server/entrypoints/http/consent-flow.handler.ts,TEST-CNS-498;TEST-CNS-499;TEST-CNS-500;TEST-CNS-507;TEST-CNS-514;TEST-CNS-515;TEST-CNS-516;TEST-CNS-532;TEST-CNS-536;TEST-CNS-543;TEST-CNS-558,,BUILT_IT0
API-CNS-116,API,specs/session.spec.yaml#API-CNS-116;specs/state-machines/invitation.spec.yaml#API-CNS-116;specs/state-machines/common.spec.yaml#API-CNS-116,contracts/openapi/consent-it0.openapi.yaml#API-CNS-116;contracts/schemas/api-payloads.schema.json#API-CNS-116,db/migrations/0018_staff_roster_roles.sql;db/migrations/0019_staff_roster_projection.sql;db/migrations/0020_access_log_staff_roster.sql;src/infra/adapters/in-memory-enrollment-repository.adapter.ts;src/infra/adapters/in-memory-invitation-repository.adapter.ts;src/infra/adapters/in-memory-staff-roster.adapter.ts,TEST-CNS-1070;TEST-CNS-1071;TEST-CNS-1072;TEST-CNS-1073;TEST-CNS-1074;TEST-CNS-1075;TEST-CNS-1076;TEST-CNS-1077;TEST-CNS-1078;TEST-CNS-1079;TEST-CNS-1080;TEST-CNS-1081;TEST-CNS-1082;TEST-CNS-1083;TEST-CNS-1084;TEST-CNS-1085;TEST-CNS-1086;TEST-CNS-1087;TEST-CNS-1088;TEST-CNS-1089;TEST-CNS-1090;TEST-CNS-1091;TEST-CNS-1092;TEST-CNS-1100;TEST-CNS-1106;TEST-CNS-1119;TEST-CNS-1122;TEST-CNS-1123;TEST-CNS-1124;TEST-CNS-1144;TEST-CNS-1149,,BUILT_IT0
API-CNS-120,API,,contracts/openapi/consent-it0.openapi.yaml#API-CNS-120,src/server/entrypoints/http/consent-flow.handler.ts;src/server/entrypoints/http/verify-page.ts,TEST-CNS-502;TEST-CNS-507;TEST-CNS-517;TEST-CNS-543;TEST-CNS-558;TEST-CNS-581,,BUILT_IT0
API-CNS-121,API,,contracts/openapi/consent-it0.openapi.yaml#API-CNS-121,src/server/entrypoints/http/consent-flow.handler.ts,TEST-CNS-502;TEST-CNS-503;TEST-CNS-507;TEST-CNS-518;TEST-CNS-519;TEST-CNS-533;TEST-CNS-558;TEST-CNS-581,,BUILT_IT0
API-CNS-122,API,,contracts/openapi/consent-it0.openapi.yaml#API-CNS-122,src/server/entrypoints/http/consent-flow.handler.ts,TEST-CNS-548;TEST-CNS-549;TEST-CNS-550;TEST-CNS-551;TEST-CNS-552;TEST-CNS-560;TEST-CNS-563,,BUILT_IT0
API-CNS-125,API,,contracts/openapi/consent-it0.openapi.yaml#API-CNS-125,,,,SPEC_ONLY
API-CNS-126,API,,contracts/openapi/consent-it0.openapi.yaml#API-CNS-126,src/server/entrypoints/http/consent-flow.handler.ts,TEST-CNS-564;TEST-CNS-565,,BUILT_IT0
API-CNS-127,API,,contracts/openapi/consent-it0.openapi.yaml#API-CNS-127,src/server/entrypoints/http/consent-flow.handler.ts,TEST-CNS-504;TEST-CNS-505;TEST-CNS-506;TEST-CNS-507;TEST-CNS-520;TEST-CNS-521;TEST-CNS-522;TEST-CNS-534;TEST-CNS-564,,BUILT_IT0
API-CNS-128,API,,contracts/openapi/consent-it0.openapi.yaml#API-CNS-128,src/server/entrypoints/http/decision-page.ts,,,CODE_NO_TEST
API-CNS-130,API,,contracts/openapi/consent-it0.openapi.yaml#API-CNS-130,src/server/entrypoints/http/revocation-flow.handler.ts,TEST-CNS-581,,BUILT_IT0
API-CNS-131,API,,contracts/openapi/consent-it0.openapi.yaml#API-CNS-131,src/server/entrypoints/http/revocation-flow.handler.ts,TEST-CNS-581,,BUILT_IT0
API-CNS-132,API,,contracts/openapi/consent-it0.openapi.yaml#API-CNS-132,src/server/entrypoints/http/revocation-flow.handler.ts,TEST-CNS-581,,BUILT_IT0
API-CNS-133,API,,contracts/openapi/consent-it0.openapi.yaml#API-CNS-133,src/server/entrypoints/http/revocation-flow.handler.ts,TEST-CNS-582,,BUILT_IT0
API-CNS-134,API,,contracts/openapi/consent-it0.openapi.yaml#API-CNS-134,src/server/entrypoints/http/revocation-flow.handler.ts,TEST-CNS-583;TEST-CNS-592,,BUILT_IT0
API-CNS-135,API,,contracts/openapi/consent-it0.openapi.yaml#API-CNS-135,src/server/entrypoints/http/recovery-page.ts;src/server/entrypoints/http/revocation-flow.handler.ts;src/server/modules/revocation,TEST-CNS-592;TEST-CNS-593;TEST-CNS-595;TEST-CNS-604;TEST-CNS-605,,BUILT_IT0
API-CNS-136,API,specs/state-machines/revocation.spec.yaml#API-CNS-136,contracts/openapi/consent-it0.openapi.yaml#API-CNS-136;contracts/schemas/api-payloads.schema.json#API-CNS-136,src/server/entrypoints/http/case-confirmation.handler.ts;src/server/entrypoints/http/consent-flow-server.ts;src/server/modules/revocation;src/server/ports/revocation-repository.port.ts,TEST-CNS-984;TEST-CNS-1166;TEST-CNS-1176,evidence/it0/X6/2026-10-01-89ed842.json,BUILT_IT0
API-CNS-137,API,specs/state-machines/revocation.spec.yaml#API-CNS-137,contracts/openapi/consent-it0.openapi.yaml#API-CNS-137,src/server/entrypoints/http/case-confirmation.handler.ts;src/server/modules/revocation;src/server/ports/revocation-repository.port.ts,TEST-CNS-984,evidence/it0/X6/2026-10-01-89ed842.json,BUILT_IT0
API-CNS-138,API,,contracts/openapi/consent-it0.openapi.yaml#API-CNS-138,src/server/entrypoints/dev-local-config.ts;src/server/entrypoints/dev-rh3-seed.ts;src/server/entrypoints/dev.ts;src/server/entrypoints/http/case-confirmation.handler.ts;src/server/entrypoints/http/case-session.ts;src/server/entrypoints/http/config.ts,TEST-CNS-630;TEST-CNS-631;TEST-CNS-632;TEST-CNS-633;TEST-CNS-634;TEST-CNS-635;TEST-CNS-636;TEST-CNS-637;TEST-CNS-638;TEST-CNS-639;TEST-CNS-640;TEST-CNS-641;TEST-CNS-642;TEST-CNS-643;TEST-CNS-644;TEST-CNS-645;TEST-CNS-646;TEST-CNS-875,,BUILT_IT0
API-CNS-139,API,,contracts/openapi/consent-it0.openapi.yaml#API-CNS-139,src/server/entrypoints/dev.ts;src/server/entrypoints/http/case-confirmation.handler.ts;src/server/entrypoints/http/consent-flow-server.ts;src/server/modules/revocation,TEST-CNS-660;TEST-CNS-661;TEST-CNS-662;TEST-CNS-663;TEST-CNS-664;TEST-CNS-665;TEST-CNS-666;TEST-CNS-667;TEST-CNS-668;TEST-CNS-669;TEST-CNS-670;TEST-CNS-671;TEST-CNS-672;TEST-CNS-673;TEST-CNS-674;TEST-CNS-675;TEST-CNS-676;TEST-CNS-677;TEST-CNS-685;TEST-CNS-687;TEST-CNS-697,,BUILT_IT0
API-CNS-140,API,specs/state-machines/revocation.spec.yaml#API-CNS-140,contracts/openapi/consent-it0.openapi.yaml#API-CNS-140;contracts/schemas/ledger-event-payloads.schema.json#API-CNS-140;contracts/schemas/api-payloads.schema.json#API-CNS-140,db/migrations/0017_revocation_proposal_withdrawn_event.sql;src/server/entrypoints/http/case-confirmation.handler.ts;src/server/entrypoints/http/consent-flow-server.ts;src/server/modules/revocation,TEST-CNS-1013;TEST-CNS-1014;TEST-CNS-1015;TEST-CNS-1016;TEST-CNS-1017;TEST-CNS-1018;TEST-CNS-1019;TEST-CNS-1020;TEST-CNS-1021;TEST-CNS-1022;TEST-CNS-1023;TEST-CNS-1024,,BUILT_IT0
API-CNS-145,API,,contracts/openapi/consent-it0.openapi.yaml#API-CNS-145,,,,SPEC_ONLY
API-CNS-146,API,,contracts/openapi/consent-it0.openapi.yaml#API-CNS-146,,,,SPEC_ONLY
API-CNS-147,API,,contracts/openapi/consent-it0.openapi.yaml#API-CNS-147,,,,SPEC_ONLY
API-CNS-148,API,,contracts/openapi/consent-it0.openapi.yaml#API-CNS-148,,,,SPEC_ONLY
API-CNS-149,API,,contracts/openapi/consent-it0.openapi.yaml#API-CNS-149,src/server/entrypoints/http/rights-case-resume.handler.ts,TEST-CNS-523;TEST-CNS-524;TEST-CNS-535,,BUILT_IT0
API-CNS-180,API,,contracts/schemas/common.schema.json#API-CNS-180,,,,SPEC_ONLY
API-CNS-181,API,,contracts/schemas/api-payloads.schema.json#API-CNS-181,,,,SPEC_ONLY
API-CNS-182,API,,contracts/schemas/ledger-envelope.schema.json#API-CNS-182,,,,SPEC_ONLY
API-CNS-183,API,,contracts/schemas/ledger-event-payloads.schema.json#API-CNS-183,,,,SPEC_ONLY
API-CNS-184,API,specs/session.spec.yaml#API-CNS-184,contracts/schemas/security-event-payloads.schema.json#API-CNS-184,db/migrations/0025_ops_security_event.sql;src/server/modules/common;src/server/ports/security-event.port.ts,TEST-CNS-1202,,BUILT_IT0
API-CNS-185,API,,contracts/schemas/outbox-events.schema.json#API-CNS-185,db/migrations/0003_outbox.sql;src/infra/adapters/postgres;src/server/ports/outbox.port.ts,TEST-CNS-688;TEST-CNS-689;TEST-CNS-692;TEST-CNS-694;TEST-CNS-784,,BUILT_IT0
API-CNS-186,API,,contracts/openapi/consent-it0.openapi.yaml#API-CNS-186;contracts/schemas/invitation.schema.json#API-CNS-186,src/server/modules/common,TEST-CNS-1011,,BUILT_IT0
API-CNS-187,API,,contracts/schemas/decision-maker-verification.schema.json#API-CNS-187,,,,SPEC_ONLY
API-CNS-188,API,,contracts/schemas/consent-decision.schema.json#API-CNS-188,src/server/modules/common,TEST-CNS-1012,,BUILT_IT0
API-CNS-189,API,,contracts/schemas/revocation.schema.json#API-CNS-189,,,,SPEC_ONLY
API-CNS-190,API,,contracts/schemas/rights-case.schema.json#API-CNS-190,,,,SPEC_ONLY
API-CNS-191,API,,contracts/schemas/tenant-context.schema.json#API-CNS-191,,,,SPEC_ONLY
API-CNS-192,API,specs/session.spec.yaml#API-CNS-192,contracts/openapi/consent-it0.openapi.yaml#API-CNS-192,,TEST-CNS-1185,,TESTED_NO_CODE_CITE
API-CNS-193,API,specs/session.spec.yaml#API-CNS-193,contracts/openapi/consent-it0.openapi.yaml#API-CNS-193,src/server/entrypoints/dev.ts;src/server/entrypoints/http/case-confirmation.handler.ts;src/server/entrypoints/http/consent-flow-server.ts,TEST-CNS-1166;TEST-CNS-1186,,BUILT_IT0
REQ-CNS-033,REQ,specs/state-machines/consent-decision.spec.yaml#REQ-CNS-033;specs/state-machines/revocation.spec.yaml#REQ-CNS-033,contracts/schemas/api-payloads.schema.json#REQ-CNS-033,src/server/modules/revocation,TEST-CNS-683,,BUILT_IT0
REQ-CNS-035,REQ,specs/state-machines/tenant-context.spec.yaml#REQ-CNS-035,,,,,SPEC_ONLY
REQ-CNS-036,REQ,specs/state-machines/invitation.spec.yaml#REQ-CNS-036;specs/state-machines/common.spec.yaml#REQ-CNS-036,contracts/openapi/consent-it0.openapi.yaml#REQ-CNS-036,db/migrations/0018_staff_roster_roles.sql;db/migrations/0019_staff_roster_projection.sql;src/infra/adapters/in-memory-staff-roster.adapter.ts;src/infra/adapters/in-memory-subject-directory.adapter.ts;src/server/entrypoints/dev.ts;src/server/entrypoints/http/consent-flow-server.ts,TEST-CNS-1070;TEST-CNS-1080;TEST-CNS-1100;TEST-CNS-1101;TEST-CNS-1102;TEST-CNS-1103;TEST-CNS-1104;TEST-CNS-1105;TEST-CNS-1106;TEST-CNS-1107;TEST-CNS-1108;TEST-CNS-1109;TEST-CNS-1110;TEST-CNS-1111;TEST-CNS-1112;TEST-CNS-1113;TEST-CNS-1114;TEST-CNS-1115;TEST-CNS-1116;TEST-CNS-1117;TEST-CNS-1118;TEST-CNS-1119;TEST-CNS-1120;TEST-CNS-1121;TEST-CNS-1122;TEST-CNS-1125;TEST-CNS-1126,,BUILT_IT0
REQ-CNS-TBD-01,REQ,specs/state-machines/common.spec.yaml#REQ-CNS-TBD-01;specs/state-machines/revocation.spec.yaml#REQ-CNS-TBD-01,,,,,SPEC_ONLY
REQ-CNS-TBD-02,REQ,specs/state-machines/common.spec.yaml#REQ-CNS-TBD-02;specs/state-machines/revocation.spec.yaml#REQ-CNS-TBD-02;specs/state-machines/otp-challenge.spec.yaml#REQ-CNS-TBD-02,contracts/openapi/consent-it0.openapi.yaml#REQ-CNS-TBD-02,,,,SPEC_ONLY
REQ-CNS-TBD-03,REQ,specs/state-machines/revocation.spec.yaml#REQ-CNS-TBD-03,contracts/openapi/consent-it0.openapi.yaml#REQ-CNS-TBD-03,,,,SPEC_ONLY
REQ-CNS-TBD-04,REQ,specs/state-machines/revocation.spec.yaml#REQ-CNS-TBD-04,,,,,SPEC_ONLY
REQ-CNS-TBD-05,REQ,specs/state-machines/consent-decision.spec.yaml#REQ-CNS-TBD-05;specs/state-machines/common.spec.yaml#REQ-CNS-TBD-05;specs/state-machines/revocation.spec.yaml#REQ-CNS-TBD-05;specs/state-machines/rights-case.spec.yaml#REQ-CNS-TBD-05,,,,,SPEC_ONLY
REQ-CNS-TBD-06,REQ,specs/state-machines/revocation.spec.yaml#REQ-CNS-TBD-06;specs/state-machines/rights-case.spec.yaml#REQ-CNS-TBD-06,contracts/openapi/consent-it0.openapi.yaml#REQ-CNS-TBD-06,,,,SPEC_ONLY
REQ-CNS-TBD-07,REQ,specs/state-machines/invitation.spec.yaml#REQ-CNS-TBD-07;specs/state-machines/common.spec.yaml#REQ-CNS-TBD-07;specs/state-machines/revocation.spec.yaml#REQ-CNS-TBD-07;specs/state-machines/otp-challenge.spec.yaml#REQ-CNS-TBD-07;specs/state-machines/rights-case.spec.yaml#REQ-CNS-TBD-07,contracts/schemas/common.schema.json#REQ-CNS-TBD-07,,,,SPEC_ONLY
REQ-CNS-TBD-08,REQ,specs/state-machines/revocation.spec.yaml#REQ-CNS-TBD-08;specs/state-machines/rights-case.spec.yaml#REQ-CNS-TBD-08,contracts/openapi/consent-it0.openapi.yaml#REQ-CNS-TBD-08,,,,SPEC_ONLY
RULE-CNS-013,RULE,specs/state-machines/consent-decision.spec.yaml#RULE-CNS-013;specs/state-machines/common.spec.yaml#RULE-CNS-013;specs/state-machines/tenant-context.spec.yaml#RULE-CNS-013,,,,,SPEC_ONLY
RULE-CNS-022,RULE,specs/state-machines/invitation.spec.yaml#RULE-CNS-022;specs/state-machines/consent-decision.spec.yaml#RULE-CNS-022,contracts/openapi/consent-it0.openapi.yaml#RULE-CNS-022,,,,SPEC_ONLY
RULE-CNS-024,RULE,specs/state-machines/invitation.spec.yaml#RULE-CNS-024;specs/state-machines/common.spec.yaml#RULE-CNS-024,,,,,SPEC_ONLY
RULE-CNS-025,RULE,specs/state-machines/consent-decision.spec.yaml#RULE-CNS-025;specs/state-machines/revocation.spec.yaml#RULE-CNS-025;specs/adapters/lectorpro-beta.spec.yaml#RULE-CNS-025,contracts/schemas/ledger-event-payloads.schema.json#RULE-CNS-025,src/server/modules/revocation,,,CODE_NO_TEST
RULE-CNS-026,RULE,specs/state-machines/revocation.spec.yaml#RULE-CNS-026,,src/server/modules/revocation,,,CODE_NO_TEST
RULE-CNS-027,RULE,specs/state-machines/consent-decision.spec.yaml#RULE-CNS-027;specs/state-machines/revocation.spec.yaml#RULE-CNS-027;specs/adapters/lectorpro-beta.spec.yaml#RULE-CNS-027,,,,,SPEC_ONLY
RULE-CNS-029,RULE,specs/state-machines/invitation.spec.yaml#RULE-CNS-029,,,,,SPEC_ONLY
RULE-CNS-TBD-01,RULE,specs/state-machines/common.spec.yaml#RULE-CNS-TBD-01;specs/state-machines/revocation.spec.yaml#RULE-CNS-TBD-01;specs/state-machines/tenant-context.spec.yaml#RULE-CNS-TBD-01,,,,,SPEC_ONLY
RULE-CNS-TBD-02,RULE,specs/state-machines/revocation.spec.yaml#RULE-CNS-TBD-02;specs/state-machines/otp-challenge.spec.yaml#RULE-CNS-TBD-02;specs/state-machines/rights-case.spec.yaml#RULE-CNS-TBD-02,contracts/openapi/consent-it0.openapi.yaml#RULE-CNS-TBD-02;contracts/schemas/common.schema.json#RULE-CNS-TBD-02,,,,SPEC_ONLY
SEC-CNS-005,SEC,specs/state-machines/invitation.spec.yaml#SEC-CNS-005;specs/state-machines/consent-decision.spec.yaml#SEC-CNS-005;specs/state-machines/common.spec.yaml#SEC-CNS-005;specs/state-machines/revocation.spec.yaml#SEC-CNS-005;specs/state-machines/otp-challenge.spec.yaml#SEC-CNS-005;specs/state-machines/tenant-context.spec.yaml#SEC-CNS-005;specs/state-machines/rights-case.spec.yaml#SEC-CNS-005,contracts/openapi/consent-it0.openapi.yaml#SEC-CNS-005,,,,SPEC_ONLY
SEC-CNS-006,SEC,specs/state-machines/invitation.spec.yaml#SEC-CNS-006;specs/state-machines/consent-decision.spec.yaml#SEC-CNS-006;specs/state-machines/common.spec.yaml#SEC-CNS-006;specs/state-machines/revocation.spec.yaml#SEC-CNS-006;specs/state-machines/otp-challenge.spec.yaml#SEC-CNS-006;specs/state-machines/tenant-context.spec.yaml#SEC-CNS-006;specs/state-machines/rights-case.spec.yaml#SEC-CNS-006,contracts/openapi/consent-it0.openapi.yaml#SEC-CNS-006;contracts/schemas/invitation.schema.json#SEC-CNS-006;contracts/schemas/tenant-context.schema.json#SEC-CNS-006;contracts/schemas/api-payloads.schema.json#SEC-CNS-006,src/server/entrypoints/dev-local-config.ts;src/server/entrypoints/dev.ts;src/server/entrypoints/http/verify-page.ts;src/server/modules/common;src/server/modules/invitation;src/server/modules/otp-challenge,TEST-CNS-566;TEST-CNS-1007,evidence/it0/X6/2026-10-01-89ed842.json,BUILT_IT0
SEC-CNS-010,SEC,specs/guardrail-ports-adapters.spec.yaml#SEC-CNS-010;specs/test-framework.spec.yaml#SEC-CNS-010,,,,,SPEC_ONLY
SEC-CNS-011,SEC,specs/test-framework.spec.yaml#SEC-CNS-011,,,TEST-CNS-903;TEST-CNS-904;TEST-CNS-905,,TESTED_NO_CODE_CITE
SEC-CNS-012,SEC,specs/state-machines/invitation.spec.yaml#SEC-CNS-012;specs/state-machines/consent-decision.spec.yaml#SEC-CNS-012;specs/state-machines/common.spec.yaml#SEC-CNS-012;specs/state-machines/revocation.spec.yaml#SEC-CNS-012;specs/state-machines/otp-challenge.spec.yaml#SEC-CNS-012;specs/state-machines/tenant-context.spec.yaml#SEC-CNS-012;specs/state-machines/rights-case.spec.yaml#SEC-CNS-012,contracts/openapi/consent-it0.openapi.yaml#SEC-CNS-012;contracts/schemas/ledger-envelope.schema.json#SEC-CNS-012,db/migrations/0000_roles.sql;db/migrations/0001_schemas_catalog.sql;db/migrations/0002_ledger.sql;db/migrations/0003_outbox.sql;db/migrations/0004_outbox_claimer_role.sql;db/migrations/0005_tenant_catalog.sql,TEST-CNS-791;TEST-CNS-840,,BUILT_IT0
SEC-CNS-013,SEC,specs/state-machines/common.spec.yaml#SEC-CNS-013;specs/state-machines/revocation.spec.yaml#SEC-CNS-013;specs/state-machines/tenant-context.spec.yaml#SEC-CNS-013;specs/state-machines/rights-case.spec.yaml#SEC-CNS-013,contracts/openapi/consent-it0.openapi.yaml#SEC-CNS-013;contracts/schemas/rights-case.schema.json#SEC-CNS-013;contracts/schemas/tenant-context.schema.json#SEC-CNS-013;contracts/schemas/common.schema.json#SEC-CNS-013;contracts/schemas/revocation.schema.json#SEC-CNS-013;contracts/schemas/api-payloads.schema.json#SEC-CNS-013,db/migrations/0008_outbox_hardening.sql;src/infra/adapters/in-memory-ledger.adapter.ts;src/infra/adapters/postgres;src/server/modules/common;src/server/modules/revocation;src/server/modules/rights-case,TEST-CNS-452;TEST-CNS-453;TEST-CNS-454;TEST-CNS-455;TEST-CNS-456;TEST-CNS-457;TEST-CNS-458;TEST-CNS-459;TEST-CNS-460;TEST-CNS-463;TEST-CNS-464;TEST-CNS-468;TEST-CNS-469;TEST-CNS-471;TEST-CNS-472;TEST-CNS-473;TEST-CNS-474;TEST-CNS-743;TEST-CNS-813;TEST-CNS-818;TEST-CNS-819;TEST-CNS-820;TEST-CNS-821,,BUILT_IT0
SEC-CNS-014,SEC,specs/state-machines/invitation.spec.yaml#SEC-CNS-014;specs/state-machines/consent-decision.spec.yaml#SEC-CNS-014;specs/state-machines/revocation.spec.yaml#SEC-CNS-014;specs/state-machines/otp-challenge.spec.yaml#SEC-CNS-014;specs/state-machines/tenant-context.spec.yaml#SEC-CNS-014;specs/state-machines/rights-case.spec.yaml#SEC-CNS-014,contracts/openapi/consent-it0.openapi.yaml#SEC-CNS-014,src/infra/adapters/in-memory-tenant-handle.adapter.ts;src/infra/adapters/postgres;src/server/entrypoints/dev-local-config.ts;src/server/entrypoints/dev.ts;src/server/entrypoints/http/config.ts;src/server/entrypoints/http/consent-flow-server.ts,TEST-CNS-509;TEST-CNS-513;TEST-CNS-537;TEST-CNS-594;TEST-CNS-598;TEST-CNS-599;TEST-CNS-600;TEST-CNS-601;TEST-CNS-603;TEST-CNS-604;TEST-CNS-605;TEST-CNS-610;TEST-CNS-611;TEST-CNS-612;TEST-CNS-613;TEST-CNS-614;TEST-CNS-615;TEST-CNS-616;TEST-CNS-617;TEST-CNS-618;TEST-CNS-619;TEST-CNS-952;TEST-CNS-953,evidence/it0/X5/2026-10-01-89ed842.json,BUILT_IT0
SEC-CNS-015,SEC,,,db/migrations/0009_single_active_constraints.sql;db/migrations/0010_invitation_otp_rights_case_enrollment.sql;src/infra/adapters/in-memory-recovery-token-repository.adapter.ts;src/infra/adapters/postgres;src/server/modules/common;src/server/modules/consent-decision,TEST-CNS-822;TEST-CNS-823;TEST-CNS-824;TEST-CNS-825;TEST-CNS-826;TEST-CNS-839;TEST-CNS-841;TEST-CNS-842;TEST-CNS-843;TEST-CNS-844;TEST-CNS-845;TEST-CNS-846;TEST-CNS-847;TEST-CNS-848,evidence/it0/X5/2026-10-01-89ed842.json,BUILT_IT0
SEC-CNS-016,SEC,,,src/infra/adapters/postgres;src/server/entrypoints/dev-rh3-seed.ts;src/server/entrypoints/dev.ts;src/server/entrypoints/http/case-confirmation.handler.ts;src/server/entrypoints/http/consent-flow-server.ts;src/server/entrypoints/http/consent-flow.handler.ts,TEST-CNS-849;TEST-CNS-850;TEST-CNS-860;TEST-CNS-861;TEST-CNS-870;TEST-CNS-871;TEST-CNS-872,evidence/it0/X5/2026-10-01-89ed842.json,BUILT_IT0
SEC-CNS-017,SEC,,,db/fixtures/local/0001_dev_catalog.sql;src/infra/adapters/in-memory-idempotency.adapter.ts;src/infra/adapters/postgres;src/server/entrypoints/dev-rh3-seed.ts;src/server/entrypoints/dev.ts;src/server/entrypoints/http/consent-flow-server.ts,TEST-CNS-877;TEST-CNS-878;TEST-CNS-879;TEST-CNS-880;TEST-CNS-881;TEST-CNS-882;TEST-CNS-883;TEST-CNS-884;TEST-CNS-885;TEST-CNS-886;TEST-CNS-887;TEST-CNS-888;TEST-CNS-889,,BUILT_IT0
SEC-CNS-018,SEC,specs/session.spec.yaml#SEC-CNS-018;specs/state-machines/invitation.spec.yaml#SEC-CNS-018;specs/state-machines/common.spec.yaml#SEC-CNS-018,contracts/openapi/consent-it0.openapi.yaml#SEC-CNS-018,db/migrations/0018_staff_roster_roles.sql;db/migrations/0019_staff_roster_projection.sql;db/migrations/0020_access_log_staff_roster.sql;db/migrations/0021_staff_session.sql;db/migrations/0022_case_session.sql;src/infra/adapters/in-memory-case-session-store.adapter.ts,TEST-CNS-1070;TEST-CNS-1072;TEST-CNS-1075;TEST-CNS-1076;TEST-CNS-1078;TEST-CNS-1079;TEST-CNS-1080;TEST-CNS-1081;TEST-CNS-1082;TEST-CNS-1085;TEST-CNS-1087;TEST-CNS-1106;TEST-CNS-1118;TEST-CNS-1119;TEST-CNS-1121;TEST-CNS-1124;TEST-CNS-1140;TEST-CNS-1141;TEST-CNS-1142;TEST-CNS-1143;TEST-CNS-1144;TEST-CNS-1145;TEST-CNS-1146;TEST-CNS-1147;TEST-CNS-1148;TEST-CNS-1149;TEST-CNS-1150;TEST-CNS-1151;TEST-CNS-1152;TEST-CNS-1153;TEST-CNS-1154;TEST-CNS-1160;TEST-CNS-1161;TEST-CNS-1162;TEST-CNS-1163;TEST-CNS-1164;TEST-CNS-1165;TEST-CNS-1166;TEST-CNS-1167;TEST-CNS-1168;TEST-CNS-1169;TEST-CNS-1170;TEST-CNS-1171;TEST-CNS-1172;TEST-CNS-1173;TEST-CNS-1174;TEST-CNS-1175;TEST-CNS-1176;TEST-CNS-1177;TEST-CNS-1180;TEST-CNS-1181;TEST-CNS-1182;TEST-CNS-1183;TEST-CNS-1184;TEST-CNS-1188,,BUILT_IT0
SEC-CNS-019,SEC,,,src/server/entrypoints/http/staff-ui.handler.ts,TEST-CNS-1123;TEST-CNS-1124,,BUILT_IT0
SEC-CNS-020,SEC,specs/session.spec.yaml#SEC-CNS-020,contracts/openapi/consent-it0.openapi.yaml#SEC-CNS-020,db/migrations/0021_staff_session.sql;src/server/entrypoints/http/staff-session.ts;src/server/entrypoints/http/staff-ui.handler.ts;src/server/modules/common;src/server/ports/staff-session-store.port.ts,TEST-CNS-1126;TEST-CNS-1140;TEST-CNS-1143;TEST-CNS-1145;TEST-CNS-1149,,BUILT_IT0
UX-CNS-001,UX,,,src/server/entrypoints/dev.ts;src/server/entrypoints/http/consent-flow-server.ts;src/server/entrypoints/http/consent-flow.handler.ts;src/server/entrypoints/http/csrf.ts;src/server/entrypoints/http/static-assets.ts;src/server/entrypoints/http/welcome-page.ts,TEST-CNS-538;TEST-CNS-539;TEST-CNS-540;TEST-CNS-541;TEST-CNS-542;TEST-CNS-543;TEST-CNS-544,,BUILT_IT0
UX-CNS-002,UX,,,src/server/entrypoints/http/consent-flow-server.ts;src/server/entrypoints/http/verify-page.ts,TEST-CNS-544;TEST-CNS-553;TEST-CNS-554;TEST-CNS-555;TEST-CNS-556;TEST-CNS-557;TEST-CNS-558;TEST-CNS-561;TEST-CNS-562,,BUILT_IT0
UX-CNS-003,UX,,,src/server/entrypoints/http/consent-flow-server.ts;src/server/entrypoints/http/decision-page.ts,TEST-CNS-556;TEST-CNS-568;TEST-CNS-569;TEST-CNS-570;TEST-CNS-584,,BUILT_IT0
UX-CNS-004,UX,,contracts/openapi/consent-it0.openapi.yaml#UX-CNS-004,src/server/entrypoints/dev-local-config.ts;src/server/entrypoints/dev.ts;src/server/entrypoints/http/consent-flow-server.ts;src/server/entrypoints/http/consent-flow.handler.ts;src/server/entrypoints/http/consent-session.ts;src/server/entrypoints/http/manage-page.ts,TEST-CNS-585;TEST-CNS-586;TEST-CNS-587;TEST-CNS-588;TEST-CNS-596;TEST-CNS-597;TEST-CNS-617;TEST-CNS-703;TEST-CNS-705;TEST-CNS-706;TEST-CNS-873,,BUILT_IT0
UX-CNS-005,UX,,contracts/openapi/consent-it0.openapi.yaml#UX-CNS-005,db/migrations/0018_staff_roster_roles.sql;db/migrations/0019_staff_roster_projection.sql;src/server/entrypoints/dev.ts;src/server/entrypoints/http/consent-flow-server.ts;src/server/entrypoints/http/staff-roster.handler.ts;src/server/entrypoints/http/staff-ui-pages.ts,TEST-CNS-1100;TEST-CNS-1101;TEST-CNS-1102;TEST-CNS-1103;TEST-CNS-1104;TEST-CNS-1105;TEST-CNS-1106;TEST-CNS-1107;TEST-CNS-1108;TEST-CNS-1109;TEST-CNS-1110;TEST-CNS-1111;TEST-CNS-1112;TEST-CNS-1113;TEST-CNS-1114;TEST-CNS-1115;TEST-CNS-1116;TEST-CNS-1117;TEST-CNS-1118;TEST-CNS-1119;TEST-CNS-1120;TEST-CNS-1121;TEST-CNS-1122;TEST-CNS-1125,,BUILT_IT0
