machine,transition_id,guard_id,guard_scope,test_id,uncovered_reason
invitation,I1,GRD-CM-01,guards,TEST-CNS-714;TEST-CNS-715;TEST-CNS-717,
invitation,I1,GRD-CM-02,guards,TEST-CNS-715;TEST-CNS-717,
invitation,I1,GRD-CM-03,guards,UNCOVERED,citado solo por tests de otras maquinas (TEST-CNS-712); ninguno cubre invitation I1
invitation,I1,GRD-CM-04,guards,UNCOVERED,citado solo por tests de otras maquinas (TEST-CNS-712); ninguno cubre invitation I1
invitation,I1,GRD-CM-05,guards,TEST-CNS-475;TEST-CNS-476,
invitation,I1,GRD-CM-07,guards,TEST-CNS-475;TEST-CNS-477,
invitation,I1,GRD-CM-08,guards,TEST-CNS-719,
invitation,I1,GRD-CM-10,guards,TEST-CNS-498;TEST-CNS-549;TEST-CNS-716,
invitation,I1,GRD-IV-01,guards,TEST-CNS-478;TEST-CNS-719,
invitation,I1,GRD-IV-02,guards,TEST-CNS-712;TEST-CNS-804,
invitation,I1,GRD-IV-11,guards,TEST-CNS-712,
invitation,I1,GRD-TC-07,guards,UNCOVERED,sin test que cite GRD-TC-07 / I1 en tests/ ni en test-matrix.csv (cobertura no demostrable por cita)
invitation,I1,GRD-IV-14,guards,TEST-CNS-1086,
invitation,I2,GRD-CM-01,guards,TEST-CNS-714;TEST-CNS-715;TEST-CNS-717,
invitation,I2,GRD-CM-02,guards,TEST-CNS-715;TEST-CNS-717,
invitation,I2,GRD-CM-05,guards,TEST-CNS-475;TEST-CNS-476,
invitation,I2,GRD-CM-07,guards,TEST-CNS-475;TEST-CNS-477;TEST-CNS-715;TEST-CNS-718;TEST-CNS-725,
invitation,I2,GRD-CM-10,guards,TEST-CNS-498;TEST-CNS-549;TEST-CNS-716,
invitation,I2,GRD-IV-03,guards,TEST-CNS-479,
invitation,I3,GRD-CM-01,guards,TEST-CNS-714;TEST-CNS-715;TEST-CNS-717,
invitation,I3,GRD-CM-02,guards,TEST-CNS-715;TEST-CNS-717,
invitation,I3,GRD-CM-03,guards,UNCOVERED,citado solo por tests de otras maquinas (TEST-CNS-712); ninguno cubre invitation I3
invitation,I3,GRD-CM-04,guards,UNCOVERED,citado solo por tests de otras maquinas (TEST-CNS-712); ninguno cubre invitation I3
invitation,I3,GRD-CM-05,guards,TEST-CNS-475;TEST-CNS-476,
invitation,I3,GRD-CM-07,guards,TEST-CNS-475;TEST-CNS-477;TEST-CNS-715;TEST-CNS-718;TEST-CNS-725,
invitation,I3,GRD-CM-10,guards,TEST-CNS-498;TEST-CNS-549;TEST-CNS-716,
invitation,I3,GRD-IV-04,guards,UNCOVERED,sin test que cite GRD-IV-04 / I3 en tests/ ni en test-matrix.csv (cobertura no demostrable por cita)
invitation,I3,GRD-IV-05,guards,TEST-CNS-480,
invitation,I3,GRD-TC-07,guards,UNCOVERED,sin test que cite GRD-TC-07 / I3 en tests/ ni en test-matrix.csv (cobertura no demostrable por cita)
invitation,I3r,GRD-CM-01,guards,TEST-CNS-714;TEST-CNS-715;TEST-CNS-717,
invitation,I3r,GRD-CM-02,guards,TEST-CNS-715;TEST-CNS-717,
invitation,I3r,GRD-CM-03,guards,UNCOVERED,citado solo por tests de otras maquinas (TEST-CNS-712); ninguno cubre invitation I3r
invitation,I3r,GRD-CM-04,guards,UNCOVERED,citado solo por tests de otras maquinas (TEST-CNS-712); ninguno cubre invitation I3r
invitation,I3r,GRD-CM-05,guards,TEST-CNS-475;TEST-CNS-476,
invitation,I3r,GRD-CM-07,guards,TEST-CNS-475;TEST-CNS-477;TEST-CNS-715;TEST-CNS-718;TEST-CNS-725,
invitation,I3r,GRD-CM-10,guards,TEST-CNS-498;TEST-CNS-549;TEST-CNS-716,
invitation,I3r,GRD-IV-04,guards,UNCOVERED,sin test que cite GRD-IV-04 / I3r en tests/ ni en test-matrix.csv (cobertura no demostrable por cita)
invitation,I3r,GRD-IV-05,guards,TEST-CNS-480;TEST-CNS-720,
invitation,I3r,GRD-IV-06,guards,UNCOVERED,sin test que cite GRD-IV-06 / I3r en tests/ ni en test-matrix.csv (cobertura no demostrable por cita)
invitation,I3r,GRD-TC-07,guards,UNCOVERED,sin test que cite GRD-TC-07 / I3r en tests/ ni en test-matrix.csv (cobertura no demostrable por cita)
invitation,I4,GRD-CM-01,guards,TEST-CNS-714;TEST-CNS-715;TEST-CNS-717,
invitation,I4,GRD-CM-02,guards,TEST-CNS-715;TEST-CNS-717,
invitation,I4,GRD-CM-05,guards,TEST-CNS-475;TEST-CNS-476,
invitation,I4,GRD-CM-10,guards,TEST-CNS-498;TEST-CNS-549;TEST-CNS-716,
invitation,I4,GRD-IV-07,guards,TEST-CNS-481,
invitation,I4,GRD-IV-08,guards,TEST-CNS-482,
invitation,I4,GRD-IV-13,guards,UNCOVERED,sin test que cite GRD-IV-13 / I4 en tests/ ni en test-matrix.csv (cobertura no demostrable por cita)
invitation,I4,GRD-TC-07,guards,UNCOVERED,sin test que cite GRD-TC-07 / I4 en tests/ ni en test-matrix.csv (cobertura no demostrable por cita)
invitation,I5,GRD-CM-02,guards,TEST-CNS-715;TEST-CNS-717,
invitation,I5,GRD-IV-09,guards,UNCOVERED,sin test que cite GRD-IV-09 / I5 en tests/ ni en test-matrix.csv (cobertura no demostrable por cita)
invitation,I6,GRD-CM-02,guards,TEST-CNS-715;TEST-CNS-717,
invitation,I7,GRD-CM-02,guards,TEST-CNS-715;TEST-CNS-717,
invitation,I7u,GRD-CM-10,guards,TEST-CNS-498;TEST-CNS-549;TEST-CNS-716,
invitation,I8,GRD-IV-12,guards,TEST-CNS-713,
invitation,I8,GRD-CM-12,guards,UNCOVERED,sin test que cite GRD-CM-12 / I8 en tests/ ni en test-matrix.csv (cobertura no demostrable por cita)
invitation,I9,GRD-CM-07,guards,TEST-CNS-475;TEST-CNS-477;TEST-CNS-715;TEST-CNS-718;TEST-CNS-725,
invitation,I9,GRD-IV-10,guards,UNCOVERED,sin test que cite GRD-IV-10 / I9 en tests/ ni en test-matrix.csv (cobertura no demostrable por cita)
invitation,I9,GRD-CM-01,bySource:HUMAN,TEST-CNS-714;TEST-CNS-715;TEST-CNS-717,
invitation,I9,GRD-CM-02,bySource:HUMAN,TEST-CNS-715;TEST-CNS-717,
invitation,I9,GRD-CM-10,bySource:HUMAN,TEST-CNS-498;TEST-CNS-549;TEST-CNS-716,
invitation,I9,GRD-TC-08,bySource:SYSTEM,UNCOVERED,sin test que cite GRD-TC-08 / I9 en tests/ ni en test-matrix.csv (cobertura no demostrable por cita)
invitation,I9,GRD-CM-15,bySource:SYSTEM,TEST-CNS-718,
otp-challenge,V1,GRD-CM-01,guards,UNCOVERED,citado solo por tests de otras maquinas (TEST-CNS-458;TEST-CNS-459;TEST-CNS-464); ninguno cubre otp-challenge V1
otp-challenge,V1,GRD-CM-02,guards,TEST-CNS-489,
otp-challenge,V1,GRD-CM-10,guards,UNCOVERED,citado solo por tests de otras maquinas (TEST-CNS-454;TEST-CNS-468;TEST-CNS-469); ninguno cubre otp-challenge V1
otp-challenge,V1,GRD-OT-01,guards,TEST-CNS-485;TEST-CNS-571,
otp-challenge,V1,GRD-OT-02,guards,TEST-CNS-484;TEST-CNS-502;TEST-CNS-571,
otp-challenge,V1,GRD-OT-03,guards,UNCOVERED,sin test que cite GRD-OT-03 / V1 en tests/ ni en test-matrix.csv (cobertura no demostrable por cita)
otp-challenge,V1,GRD-OT-08,guards,TEST-CNS-831,
otp-challenge,V1,GRD-OT-11,guards,UNCOVERED,sin test que cite GRD-OT-11 / V1 en tests/ ni en test-matrix.csv (cobertura no demostrable por cita)
otp-challenge,V1,GRD-OT-12,guards,UNCOVERED,sin test que cite GRD-OT-12 / V1 en tests/ ni en test-matrix.csv (cobertura no demostrable por cita)
otp-challenge,V1,GRD-CM-05,byScope:DECISION,UNCOVERED,citado solo por tests de otras maquinas (TEST-CNS-475;TEST-CNS-476); ninguno cubre otp-challenge V1
otp-challenge,V1,GRD-OT-14,byScope:DECISION,UNCOVERED,sin test que cite GRD-OT-14 / V1 en tests/ ni en test-matrix.csv (cobertura no demostrable por cita)
otp-challenge,V1,GRD-CM-06,byScope:REVOCATION,UNCOVERED,citado solo por tests de otras maquinas (TEST-CNS-452;TEST-CNS-461;TEST-CNS-462); ninguno cubre otp-challenge V1
otp-challenge,V1,GRD-CM-06,byScope:MANAGE,UNCOVERED,citado solo por tests de otras maquinas (TEST-CNS-452;TEST-CNS-461;TEST-CNS-462); ninguno cubre otp-challenge V1
otp-challenge,V2,GRD-CM-10,guards,UNCOVERED,citado solo por tests de otras maquinas (TEST-CNS-454;TEST-CNS-468;TEST-CNS-469); ninguno cubre otp-challenge V2
otp-challenge,V2,GRD-OT-13,guards,UNCOVERED,sin test que cite GRD-OT-13 / V2 en tests/ ni en test-matrix.csv (cobertura no demostrable por cita)
otp-challenge,V2,GRD-OT-04,guards,TEST-CNS-487,
otp-challenge,V2,GRD-OT-03,guards,UNCOVERED,sin test que cite GRD-OT-03 / V2 en tests/ ni en test-matrix.csv (cobertura no demostrable por cita)
otp-challenge,V2,GRD-OT-05,guards,UNCOVERED,sin test que cite GRD-OT-05 / V2 en tests/ ni en test-matrix.csv (cobertura no demostrable por cita)
otp-challenge,V2,GRD-OT-07,guards,TEST-CNS-487,
otp-challenge,V2r,GRD-CM-10,guards,UNCOVERED,citado solo por tests de otras maquinas (TEST-CNS-454;TEST-CNS-468;TEST-CNS-469); ninguno cubre otp-challenge V2r
otp-challenge,V2r,GRD-OT-13,guards,UNCOVERED,sin test que cite GRD-OT-13 / V2r en tests/ ni en test-matrix.csv (cobertura no demostrable por cita)
otp-challenge,V2r,GRD-OT-06,guards,TEST-CNS-545;TEST-CNS-546,
otp-challenge,V2r,GRD-OT-02,guards,TEST-CNS-484;TEST-CNS-502;TEST-CNS-571,
otp-challenge,V3,GRD-CM-02,guards,TEST-CNS-489,
otp-challenge,V3,GRD-CM-10,guards,UNCOVERED,citado solo por tests de otras maquinas (TEST-CNS-454;TEST-CNS-468;TEST-CNS-469); ninguno cubre otp-challenge V3
otp-challenge,V3,GRD-OT-13,guards,UNCOVERED,sin test que cite GRD-OT-13 / V3 en tests/ ni en test-matrix.csv (cobertura no demostrable por cita)
otp-challenge,V3,GRD-OT-04,guards,TEST-CNS-487,
otp-challenge,V3,GRD-OT-03,guards,UNCOVERED,sin test que cite GRD-OT-03 / V3 en tests/ ni en test-matrix.csv (cobertura no demostrable por cita)
otp-challenge,V3,GRD-OT-05,guards,UNCOVERED,sin test que cite GRD-OT-05 / V3 en tests/ ni en test-matrix.csv (cobertura no demostrable por cita)
otp-challenge,V3,GRD-OT-07,guards,TEST-CNS-487,
otp-challenge,V4,GRD-OT-04,guards,TEST-CNS-488,
otp-challenge,V5,GRD-OT-05,guards,UNCOVERED,sin test que cite GRD-OT-05 / V5 en tests/ ni en test-matrix.csv (cobertura no demostrable por cita)
otp-challenge,V5,GRD-CM-12,guards,UNCOVERED,sin test que cite GRD-CM-12 / V5 en tests/ ni en test-matrix.csv (cobertura no demostrable por cita)
otp-challenge,V6,GRD-OT-03,guards,UNCOVERED,sin test que cite GRD-OT-03 / V6 en tests/ ni en test-matrix.csv (cobertura no demostrable por cita)
otp-challenge,V6r,GRD-OT-03,guards,UNCOVERED,sin test que cite GRD-OT-03 / V6r en tests/ ni en test-matrix.csv (cobertura no demostrable por cita)
otp-challenge,V6r,GRD-OT-10,guards,UNCOVERED,sin test que cite GRD-OT-10 / V6r en tests/ ni en test-matrix.csv (cobertura no demostrable por cita)
otp-challenge,V6a,GRD-OT-09,guards,UNCOVERED,sin test que cite GRD-OT-09 / V6a en tests/ ni en test-matrix.csv (cobertura no demostrable por cita)
otp-challenge,V6c,GRD-OT-10,guards,UNCOVERED,sin test que cite GRD-OT-10 / V6c en tests/ ni en test-matrix.csv (cobertura no demostrable por cita)
consent-decision,C1,GRD-CM-01,guards,UNCOVERED,citado solo por tests de otras maquinas (TEST-CNS-458;TEST-CNS-459;TEST-CNS-464); ninguno cubre consent-decision C1
consent-decision,C1,GRD-CM-02,guards,UNCOVERED,citado solo por tests de otras maquinas (TEST-CNS-489;TEST-CNS-715;TEST-CNS-717); ninguno cubre consent-decision C1
consent-decision,C1,GRD-CM-05,guards,UNCOVERED,citado solo por tests de otras maquinas (TEST-CNS-475;TEST-CNS-476); ninguno cubre consent-decision C1
consent-decision,C1,GRD-CM-07,guards,UNCOVERED,citado solo por tests de otras maquinas (TEST-CNS-457;TEST-CNS-475;TEST-CNS-477); ninguno cubre consent-decision C1
consent-decision,C1,GRD-CM-10,guards,UNCOVERED,citado solo por tests de otras maquinas (TEST-CNS-454;TEST-CNS-468;TEST-CNS-469); ninguno cubre consent-decision C1
consent-decision,C1,GRD-CD-01,guards,TEST-CNS-490,
consent-decision,C1,GRD-CD-02,guards,TEST-CNS-490,
consent-decision,C2,GRD-CM-02,guards,UNCOVERED,citado solo por tests de otras maquinas (TEST-CNS-489;TEST-CNS-715;TEST-CNS-717); ninguno cubre consent-decision C2
consent-decision,C2,GRD-CM-05,guards,UNCOVERED,citado solo por tests de otras maquinas (TEST-CNS-475;TEST-CNS-476); ninguno cubre consent-decision C2
consent-decision,C2,GRD-CM-10,guards,UNCOVERED,citado solo por tests de otras maquinas (TEST-CNS-454;TEST-CNS-468;TEST-CNS-469); ninguno cubre consent-decision C2
consent-decision,C2,GRD-CD-01,guards,TEST-CNS-490;TEST-CNS-504,
consent-decision,C2,GRD-CD-03,guards,TEST-CNS-567,
consent-decision,C2,GRD-CD-04,guards,TEST-CNS-566,
consent-decision,C3,GRD-CM-02,guards,UNCOVERED,citado solo por tests de otras maquinas (TEST-CNS-489;TEST-CNS-715;TEST-CNS-717); ninguno cubre consent-decision C3
consent-decision,C3,GRD-CM-05,guards,UNCOVERED,citado solo por tests de otras maquinas (TEST-CNS-475;TEST-CNS-476); ninguno cubre consent-decision C3
consent-decision,C3,GRD-CM-08,guards,UNCOVERED,citado solo por tests de otras maquinas (TEST-CNS-719;TEST-CNS-862;TEST-CNS-863); ninguno cubre consent-decision C3
consent-decision,C3,GRD-CM-09,guards,UNCOVERED,sin test que cite GRD-CM-09 / C3 en tests/ ni en test-matrix.csv (cobertura no demostrable por cita)
consent-decision,C3,GRD-CM-10,guards,UNCOVERED,citado solo por tests de otras maquinas (TEST-CNS-454;TEST-CNS-468;TEST-CNS-469); ninguno cubre consent-decision C3
consent-decision,C3,GRD-CD-01,guards,TEST-CNS-490;TEST-CNS-504,
consent-decision,C3,GRD-CD-03,guards,TEST-CNS-567,
consent-decision,C3,GRD-CD-05,guards,TEST-CNS-491,
consent-decision,C3,GRD-CD-06,guards,TEST-CNS-494,
consent-decision,C3,GRD-CD-08,guards,TEST-CNS-496;TEST-CNS-801,
consent-decision,C3,GRD-CD-11,guards,TEST-CNS-495,
consent-decision,C3,GRD-CD-12,guards,UNCOVERED,sin test que cite GRD-CD-12 / C3 en tests/ ni en test-matrix.csv (cobertura no demostrable por cita)
consent-decision,C3,GRD-TC-07,guards,UNCOVERED,sin test que cite GRD-TC-07 / C3 en tests/ ni en test-matrix.csv (cobertura no demostrable por cita)
consent-decision,C4,GRD-CM-10,guards,UNCOVERED,citado solo por tests de otras maquinas (TEST-CNS-454;TEST-CNS-468;TEST-CNS-469); ninguno cubre consent-decision C4
consent-decision,C5,GRD-CM-02,guards,UNCOVERED,citado solo por tests de otras maquinas (TEST-CNS-489;TEST-CNS-715;TEST-CNS-717); ninguno cubre consent-decision C5
consent-decision,C5,GRD-CM-05,guards,UNCOVERED,citado solo por tests de otras maquinas (TEST-CNS-475;TEST-CNS-476); ninguno cubre consent-decision C5
consent-decision,C5,GRD-CM-08,guards,UNCOVERED,citado solo por tests de otras maquinas (TEST-CNS-719;TEST-CNS-862;TEST-CNS-863); ninguno cubre consent-decision C5
consent-decision,C5,GRD-CM-09,guards,UNCOVERED,sin test que cite GRD-CM-09 / C5 en tests/ ni en test-matrix.csv (cobertura no demostrable por cita)
consent-decision,C5,GRD-CM-10,guards,UNCOVERED,citado solo por tests de otras maquinas (TEST-CNS-454;TEST-CNS-468;TEST-CNS-469); ninguno cubre consent-decision C5
consent-decision,C5,GRD-CD-01,guards,TEST-CNS-490;TEST-CNS-504,
consent-decision,C5,GRD-CD-03,guards,TEST-CNS-567,
consent-decision,C5,GRD-CD-05,guards,TEST-CNS-491,
consent-decision,C5,GRD-CD-07,guards,TEST-CNS-494,
consent-decision,C5,GRD-CD-11,guards,TEST-CNS-495,
consent-decision,C5,GRD-CD-12,guards,UNCOVERED,sin test que cite GRD-CD-12 / C5 en tests/ ni en test-matrix.csv (cobertura no demostrable por cita)
consent-decision,C5,GRD-TC-07,guards,UNCOVERED,sin test que cite GRD-TC-07 / C5 en tests/ ni en test-matrix.csv (cobertura no demostrable por cita)
consent-decision,C6,GRD-CD-09,guards,TEST-CNS-698;TEST-CNS-702,
consent-decision,C6,GRD-CD-10,guards,UNCOVERED,sin test que cite GRD-CD-10 / C6 en tests/ ni en test-matrix.csv (cobertura no demostrable por cita)
consent-decision,C8,GRD-CD-10,guards,UNCOVERED,sin test que cite GRD-CD-10 / C8 en tests/ ni en test-matrix.csv (cobertura no demostrable por cita)
consent-decision,M3,GRD-CM-10,guards,UNCOVERED,citado solo por tests de otras maquinas (TEST-CNS-454;TEST-CNS-468;TEST-CNS-469); ninguno cubre consent-decision M3
revocation,R1,GRD-CM-01,guards,TEST-CNS-458;TEST-CNS-464;TEST-CNS-631;TEST-CNS-632;TEST-CNS-661,
revocation,R1,GRD-CM-02,guards,UNCOVERED,citado solo por tests de otras maquinas (TEST-CNS-489;TEST-CNS-715;TEST-CNS-717); ninguno cubre revocation R1
revocation,R1,GRD-CM-06,guards,TEST-CNS-452;TEST-CNS-462;TEST-CNS-464,
revocation,R1,GRD-CM-07,guards,UNCOVERED,citado solo por tests de otras maquinas (TEST-CNS-457;TEST-CNS-475;TEST-CNS-477); ninguno cubre revocation R1
revocation,R1,GRD-CM-10,guards,UNCOVERED,citado solo por tests de otras maquinas (TEST-CNS-454;TEST-CNS-468;TEST-CNS-469); ninguno cubre revocation R1
revocation,R1,GRD-RV-01,guards,UNCOVERED,sin test que cite GRD-RV-01 / R1 en tests/ ni en test-matrix.csv (cobertura no demostrable por cita)
revocation,R1,GRD-RV-02,guards,TEST-CNS-701;TEST-CNS-703;TEST-CNS-961,
revocation,R1,GRD-RV-04,guards,TEST-CNS-960;TEST-CNS-961,
revocation,R1,GRD-RV-08,guards,UNCOVERED,sin test que cite GRD-RV-08 / R1 en tests/ ni en test-matrix.csv (cobertura no demostrable por cita)
revocation,R1,GRD-RV-19,guards,TEST-CNS-911;TEST-CNS-967,
revocation,R1,GRD-RV-21,guards,UNCOVERED,sin test que cite GRD-RV-21 / R1 en tests/ ni en test-matrix.csv (cobertura no demostrable por cita)
revocation,R1,GRD-RV-23,guards,TEST-CNS-816,
revocation,R1r,GRD-CM-01,guards,TEST-CNS-458;TEST-CNS-464;TEST-CNS-631;TEST-CNS-632;TEST-CNS-661,
revocation,R1r,GRD-CM-06,guards,TEST-CNS-452;TEST-CNS-462;TEST-CNS-464,
revocation,R1r,GRD-CM-10,guards,UNCOVERED,citado solo por tests de otras maquinas (TEST-CNS-454;TEST-CNS-468;TEST-CNS-469); ninguno cubre revocation R1r
revocation,R1r,GRD-RV-02,guards,TEST-CNS-701;TEST-CNS-703;TEST-CNS-961,
revocation,R1r,GRD-RV-04,guards,TEST-CNS-960;TEST-CNS-961;TEST-CNS-970,
revocation,R1r,GRD-RV-06,guards,TEST-CNS-589,
revocation,R1r,GRD-RV-18,guards,UNCOVERED,sin test que cite GRD-RV-18 / R1r en tests/ ni en test-matrix.csv (cobertura no demostrable por cita)
revocation,R1r,GRD-RV-19,guards,TEST-CNS-911;TEST-CNS-967,
revocation,R1r,GRD-RV-23,guards,TEST-CNS-816,
revocation,R1r,GRD-RV-25,guards,UNCOVERED,sin test que cite GRD-RV-25 / R1r en tests/ ni en test-matrix.csv (cobertura no demostrable por cita)
revocation,RC3,GRD-CM-06,guards,TEST-CNS-462,
revocation,RC3,GRD-CM-07,guards,UNCOVERED,citado solo por tests de otras maquinas (TEST-CNS-457;TEST-CNS-475;TEST-CNS-477); ninguno cubre revocation RC3
revocation,RC3,GRD-CM-10,guards,UNCOVERED,citado solo por tests de otras maquinas (TEST-CNS-454;TEST-CNS-468;TEST-CNS-469); ninguno cubre revocation RC3
revocation,RC3,GRD-RV-02,guards,TEST-CNS-701;TEST-CNS-703;TEST-CNS-961,
revocation,RC3,GRD-RV-04,guards,TEST-CNS-960;TEST-CNS-961;TEST-CNS-970,
revocation,RC3,GRD-RV-19,guards,TEST-CNS-911;TEST-CNS-967,
revocation,RC3,GRD-RV-23,guards,TEST-CNS-816,
revocation,RC3,GRD-RV-25,guards,UNCOVERED,sin test que cite GRD-RV-25 / RC3 en tests/ ni en test-matrix.csv (cobertura no demostrable por cita)
revocation,RC3,GRD-RC-08,guards,UNCOVERED,sin test que cite GRD-RC-08 / RC3 en tests/ ni en test-matrix.csv (cobertura no demostrable por cita)
revocation,RC3,GRD-RC-14,guards,TEST-CNS-458,
revocation,R2,GRD-CM-02,guards,UNCOVERED,citado solo por tests de otras maquinas (TEST-CNS-489;TEST-CNS-715;TEST-CNS-717); ninguno cubre revocation R2
revocation,R2,GRD-CM-06,guards,TEST-CNS-452;TEST-CNS-462;TEST-CNS-464,
revocation,R2,GRD-CM-07,guards,UNCOVERED,citado solo por tests de otras maquinas (TEST-CNS-457;TEST-CNS-475;TEST-CNS-477); ninguno cubre revocation R2
revocation,R2,GRD-CM-10,guards,UNCOVERED,citado solo por tests de otras maquinas (TEST-CNS-454;TEST-CNS-468;TEST-CNS-469); ninguno cubre revocation R2
revocation,R2,GRD-RV-05,guards,UNCOVERED,sin test que cite GRD-RV-05 / R2 en tests/ ni en test-matrix.csv (cobertura no demostrable por cita)
revocation,R2,GRD-RV-08,guards,UNCOVERED,sin test que cite GRD-RV-08 / R2 en tests/ ni en test-matrix.csv (cobertura no demostrable por cita)
revocation,R2,GRD-RV-19,guards,TEST-CNS-911;TEST-CNS-967,
revocation,R2,GRD-RV-21,guards,UNCOVERED,sin test que cite GRD-RV-21 / R2 en tests/ ni en test-matrix.csv (cobertura no demostrable por cita)
revocation,R2,GRD-RV-23,guards,TEST-CNS-816,
revocation,R2r,GRD-RV-06,guards,TEST-CNS-589,
revocation,R2r,GRD-RV-18,guards,UNCOVERED,sin test que cite GRD-RV-18 / R2r en tests/ ni en test-matrix.csv (cobertura no demostrable por cita)
revocation,R2r,GRD-RV-19,guards,TEST-CNS-911;TEST-CNS-967,
revocation,R2r,GRD-RV-23,guards,TEST-CNS-816,
revocation,RH2,GRD-CM-06,guards,TEST-CNS-462;TEST-CNS-464,
revocation,RH2,GRD-CM-10,guards,UNCOVERED,citado solo por tests de otras maquinas (TEST-CNS-454;TEST-CNS-468;TEST-CNS-469); ninguno cubre revocation RH2
revocation,RH2,GRD-RV-09,guards,TEST-CNS-980;TEST-CNS-981;TEST-CNS-982;TEST-CNS-983;TEST-CNS-1004;TEST-CNS-1005;TEST-CNS-1013;TEST-CNS-1014;TEST-CNS-1016,
revocation,RH2,GRD-RV-19,guards,TEST-CNS-911;TEST-CNS-967,
revocation,RH2,GRD-RV-23,guards,TEST-CNS-816,
revocation,RH2,GRD-RV-28,guards,UNCOVERED,sin test que cite GRD-RV-28 / RH2 en tests/ ni en test-matrix.csv (cobertura no demostrable por cita)
revocation,RH2,GRD-RC-10,guards,UNCOVERED,sin test que cite GRD-RC-10 / RH2 en tests/ ni en test-matrix.csv (cobertura no demostrable por cita)
revocation,RH2,GRD-RC-12,guards,TEST-CNS-1023;TEST-CNS-1024,
revocation,RH2,GRD-RC-15,guards,TEST-CNS-982,
revocation,R3,GRD-CM-02,guards,UNCOVERED,citado solo por tests de otras maquinas (TEST-CNS-489;TEST-CNS-715;TEST-CNS-717); ninguno cubre revocation R3
revocation,R3,GRD-CM-06,guards,TEST-CNS-452;TEST-CNS-462;TEST-CNS-464,
revocation,R3,GRD-CM-07,guards,UNCOVERED,citado solo por tests de otras maquinas (TEST-CNS-457;TEST-CNS-475;TEST-CNS-477); ninguno cubre revocation R3
revocation,R3,GRD-CM-10,guards,UNCOVERED,citado solo por tests de otras maquinas (TEST-CNS-454;TEST-CNS-468;TEST-CNS-469); ninguno cubre revocation R3
revocation,R3,GRD-RV-07,guards,UNCOVERED,sin test que cite GRD-RV-07 / R3 en tests/ ni en test-matrix.csv (cobertura no demostrable por cita)
revocation,R3,GRD-RV-08,guards,UNCOVERED,sin test que cite GRD-RV-08 / R3 en tests/ ni en test-matrix.csv (cobertura no demostrable por cita)
revocation,R3,GRD-RV-21,guards,UNCOVERED,sin test que cite GRD-RV-21 / R3 en tests/ ni en test-matrix.csv (cobertura no demostrable por cita)
revocation,R3,GRD-RV-23,guards,TEST-CNS-816,
revocation,R3,GRD-RV-24,guards,UNCOVERED,sin test que cite GRD-RV-24 / R3 en tests/ ni en test-matrix.csv (cobertura no demostrable por cita)
revocation,R3r,GRD-RV-07,guards,UNCOVERED,sin test que cite GRD-RV-07 / R3r en tests/ ni en test-matrix.csv (cobertura no demostrable por cita)
revocation,R3r,GRD-RV-18,guards,UNCOVERED,sin test que cite GRD-RV-18 / R3r en tests/ ni en test-matrix.csv (cobertura no demostrable por cita)
revocation,R3r,GRD-RV-23,guards,TEST-CNS-816,
revocation,R3r,GRD-RV-24,guards,UNCOVERED,sin test que cite GRD-RV-24 / R3r en tests/ ni en test-matrix.csv (cobertura no demostrable por cita)
revocation,RH3,GRD-CM-10,guards,UNCOVERED,citado solo por tests de otras maquinas (TEST-CNS-454;TEST-CNS-468;TEST-CNS-469); ninguno cubre revocation RH3
revocation,RH3,GRD-RV-07,guards,UNCOVERED,sin test que cite GRD-RV-07 / RH3 en tests/ ni en test-matrix.csv (cobertura no demostrable por cita)
revocation,RH3,GRD-RV-10,guards,TEST-CNS-463;TEST-CNS-660,
revocation,RH3,GRD-RV-23,guards,TEST-CNS-816,
revocation,RH3,GRD-RV-24,guards,UNCOVERED,sin test que cite GRD-RV-24 / RH3 en tests/ ni en test-matrix.csv (cobertura no demostrable por cita)
revocation,RH3,GRD-RV-26,guards,TEST-CNS-662;TEST-CNS-663,
revocation,RH3,GRD-RV-28,guards,UNCOVERED,sin test que cite GRD-RV-28 / RH3 en tests/ ni en test-matrix.csv (cobertura no demostrable por cita)
revocation,RH3,GRD-RC-10,guards,UNCOVERED,sin test que cite GRD-RC-10 / RH3 en tests/ ni en test-matrix.csv (cobertura no demostrable por cita)
revocation,RH3,GRD-RC-15,guards,TEST-CNS-633;TEST-CNS-634;TEST-CNS-664;TEST-CNS-982;TEST-CNS-1008,
revocation,R4,GRD-RV-11,guards,TEST-CNS-688,
revocation,R4,GRD-RV-19,guards,TEST-CNS-911;TEST-CNS-967,
revocation,R4,GRD-RV-23,guards,TEST-CNS-816,
revocation,R4,GRD-RV-24,guards,UNCOVERED,sin test que cite GRD-RV-24 / R4 en tests/ ni en test-matrix.csv (cobertura no demostrable por cita)
revocation,R4,GRD-RV-29,guards,TEST-CNS-686,
revocation,R5,GRD-RV-12,guards,TEST-CNS-964,
revocation,R5,GRD-RV-23,guards,TEST-CNS-816,
revocation,R6,GRD-RV-13,guards,TEST-CNS-963,
revocation,R6,GRD-RV-23,guards,TEST-CNS-816,
revocation,R7,GRD-RV-14,guards,TEST-CNS-963,
revocation,R7,GRD-RV-23,guards,TEST-CNS-816,
revocation,R8,GRD-CM-01,guards,TEST-CNS-458;TEST-CNS-464;TEST-CNS-631;TEST-CNS-632;TEST-CNS-661,
revocation,R8,GRD-CM-02,guards,UNCOVERED,citado solo por tests de otras maquinas (TEST-CNS-489;TEST-CNS-715;TEST-CNS-717); ninguno cubre revocation R8
revocation,R8,GRD-CM-06,guards,TEST-CNS-452;TEST-CNS-462;TEST-CNS-464,
revocation,R8,GRD-CM-07,guards,UNCOVERED,citado solo por tests de otras maquinas (TEST-CNS-457;TEST-CNS-475;TEST-CNS-477); ninguno cubre revocation R8
revocation,R8,GRD-CM-10,guards,UNCOVERED,citado solo por tests de otras maquinas (TEST-CNS-454;TEST-CNS-468;TEST-CNS-469); ninguno cubre revocation R8
revocation,R8,GRD-RV-08,guards,UNCOVERED,sin test que cite GRD-RV-08 / R8 en tests/ ni en test-matrix.csv (cobertura no demostrable por cita)
revocation,R8,GRD-RV-15,guards,TEST-CNS-578,
revocation,R8,GRD-RV-19,guards,TEST-CNS-911;TEST-CNS-967,
revocation,R8,GRD-RV-21,guards,UNCOVERED,sin test que cite GRD-RV-21 / R8 en tests/ ni en test-matrix.csv (cobertura no demostrable por cita)
revocation,R8,GRD-RV-23,guards,TEST-CNS-816,
revocation,R8h,GRD-CM-10,guards,UNCOVERED,citado solo por tests de otras maquinas (TEST-CNS-454;TEST-CNS-468;TEST-CNS-469); ninguno cubre revocation R8h
revocation,R9,GRD-RV-16,guards,UNCOVERED,sin test que cite GRD-RV-16 / R9 en tests/ ni en test-matrix.csv (cobertura no demostrable por cita)
revocation,R9,GRD-RV-19,guards,TEST-CNS-911;TEST-CNS-967,
revocation,R9,GRD-CM-12,guards,UNCOVERED,sin test que cite GRD-CM-12 / R9 en tests/ ni en test-matrix.csv (cobertura no demostrable por cita)
revocation,R10,GRD-CM-01,guards,TEST-CNS-458;TEST-CNS-464;TEST-CNS-631;TEST-CNS-632;TEST-CNS-661,
revocation,R10,GRD-CM-06,guards,TEST-CNS-452;TEST-CNS-462;TEST-CNS-464,
revocation,R10,GRD-CM-10,guards,UNCOVERED,citado solo por tests de otras maquinas (TEST-CNS-454;TEST-CNS-468;TEST-CNS-469); ninguno cubre revocation R10
revocation,R10,GRD-RV-06,guards,TEST-CNS-589;TEST-CNS-590;TEST-CNS-598;TEST-CNS-701;TEST-CNS-826,
revocation,R10,GRD-RV-18,guards,UNCOVERED,sin test que cite GRD-RV-18 / R10 en tests/ ni en test-matrix.csv (cobertura no demostrable por cita)
revocation,R10,GRD-RV-19,guards,TEST-CNS-911;TEST-CNS-967,
revocation,R10,GRD-RV-23,guards,TEST-CNS-816,
revocation,R10,GRD-RV-27,guards,TEST-CNS-595,
revocation,R11,GRD-CM-01,guards,TEST-CNS-458;TEST-CNS-464;TEST-CNS-631;TEST-CNS-632;TEST-CNS-661,
revocation,R11,GRD-CM-06,guards,TEST-CNS-452;TEST-CNS-462;TEST-CNS-464,
revocation,R11,GRD-CM-10,guards,UNCOVERED,citado solo por tests de otras maquinas (TEST-CNS-454;TEST-CNS-468;TEST-CNS-469); ninguno cubre revocation R11
revocation,R11,GRD-RV-06,guards,TEST-CNS-589;TEST-CNS-590;TEST-CNS-598;TEST-CNS-701;TEST-CNS-826,
revocation,R11,GRD-RV-18,guards,UNCOVERED,sin test que cite GRD-RV-18 / R11 en tests/ ni en test-matrix.csv (cobertura no demostrable por cita)
revocation,R11,GRD-RV-23,guards,TEST-CNS-816,
revocation,R11,GRD-RV-24,guards,UNCOVERED,sin test que cite GRD-RV-24 / R11 en tests/ ni en test-matrix.csv (cobertura no demostrable por cita)
revocation,R11,GRD-RV-27,guards,TEST-CNS-595,
revocation,R12,GRD-CM-06,guards,TEST-CNS-452;TEST-CNS-462;TEST-CNS-464,
revocation,R12,GRD-CM-07,guards,UNCOVERED,citado solo por tests de otras maquinas (TEST-CNS-457;TEST-CNS-475;TEST-CNS-477); ninguno cubre revocation R12
revocation,R12,GRD-CM-10,guards,UNCOVERED,citado solo por tests de otras maquinas (TEST-CNS-454;TEST-CNS-468;TEST-CNS-469); ninguno cubre revocation R12
revocation,R12,GRD-RV-19,guards,TEST-CNS-911;TEST-CNS-967,
revocation,R12,GRD-RV-23,guards,TEST-CNS-816,
revocation,R12,GRD-RV-25,guards,UNCOVERED,sin test que cite GRD-RV-25 / R12 en tests/ ni en test-matrix.csv (cobertura no demostrable por cita)
revocation,R12,GRD-RV-27,guards,TEST-CNS-595,
revocation,R12,GRD-RV-28,guards,UNCOVERED,sin test que cite GRD-RV-28 / R12 en tests/ ni en test-matrix.csv (cobertura no demostrable por cita)
revocation,R12,GRD-RC-08,guards,UNCOVERED,sin test que cite GRD-RC-08 / R12 en tests/ ni en test-matrix.csv (cobertura no demostrable por cita)
revocation,R12,GRD-RC-14,guards,TEST-CNS-458,
revocation,RH2v,GRD-CM-06,guards,TEST-CNS-452;TEST-CNS-462;TEST-CNS-464,
revocation,RH2v,GRD-CM-10,guards,UNCOVERED,citado solo por tests de otras maquinas (TEST-CNS-454;TEST-CNS-468;TEST-CNS-469); ninguno cubre revocation RH2v
revocation,RH2v,GRD-RV-09,guards,TEST-CNS-980;TEST-CNS-981;TEST-CNS-982;TEST-CNS-983;TEST-CNS-1004;TEST-CNS-1005;TEST-CNS-1008;TEST-CNS-1013;TEST-CNS-1014;TEST-CNS-1016,
revocation,RH2v,GRD-RV-19,guards,TEST-CNS-911;TEST-CNS-967,
revocation,RH2v,GRD-RV-23,guards,TEST-CNS-816,
revocation,RH2v,GRD-RV-27,guards,TEST-CNS-595,
revocation,RH2v,GRD-RV-28,guards,UNCOVERED,sin test que cite GRD-RV-28 / RH2v en tests/ ni en test-matrix.csv (cobertura no demostrable por cita)
revocation,RH2v,GRD-RC-10,guards,UNCOVERED,sin test que cite GRD-RC-10 / RH2v en tests/ ni en test-matrix.csv (cobertura no demostrable por cita)
revocation,RH2v,GRD-RC-12,guards,TEST-CNS-1023;TEST-CNS-1024,
revocation,RH2v,GRD-RC-15,guards,TEST-CNS-633;TEST-CNS-634;TEST-CNS-664;TEST-CNS-982;TEST-CNS-1008,
revocation,RV0,GRD-CM-06,guards,TEST-CNS-452;TEST-CNS-462;TEST-CNS-464,
revocation,RV0,GRD-RV-02,guards,TEST-CNS-701,
revocation,RV0,GRD-RV-17,guards,UNCOVERED,sin test que cite GRD-RV-17 / RV0 en tests/ ni en test-matrix.csv (cobertura no demostrable por cita)
revocation,RV0,GRD-RV-20,byTrigger:REQUESTER_ASKED,TEST-CNS-706,
revocation,RV0,GRD-CM-10,byTrigger:REQUESTER_ASKED,UNCOVERED,citado solo por tests de otras maquinas (TEST-CNS-454;TEST-CNS-468;TEST-CNS-469); ninguno cubre revocation RV0
revocation,RV0,GRD-RV-20,byTrigger:LIMIT_REACHED,TEST-CNS-706,
revocation,RV0,GRD-CM-10,byTrigger:LIMIT_REACHED,UNCOVERED,citado solo por tests de otras maquinas (TEST-CNS-454;TEST-CNS-468;TEST-CNS-469); ninguno cubre revocation RV0
revocation,RV0,GRD-RV-22,byTrigger:CASE_CONTACT,UNCOVERED,sin test que cite GRD-RV-22 / RV0 en tests/ ni en test-matrix.csv (cobertura no demostrable por cita)
revocation,RV0,GRD-RV-22,byTrigger:SCHOOL_REPORTED,UNCOVERED,sin test que cite GRD-RV-22 / RV0 en tests/ ni en test-matrix.csv (cobertura no demostrable por cita)
rights-case,RC0,GRD-CM-01,guards,TEST-CNS-458;TEST-CNS-459;TEST-CNS-637;TEST-CNS-642;TEST-CNS-671;TEST-CNS-1165;TEST-CNS-1166;TEST-CNS-1169;TEST-CNS-1176,
rights-case,RC0,GRD-CM-02,guards,UNCOVERED,citado solo por tests de otras maquinas (TEST-CNS-489;TEST-CNS-715;TEST-CNS-717); ninguno cubre rights-case RC0
rights-case,RC0,GRD-CM-07,guards,TEST-CNS-457;TEST-CNS-638;TEST-CNS-640;TEST-CNS-645;TEST-CNS-667;TEST-CNS-668;TEST-CNS-985;TEST-CNS-1018;TEST-CNS-1176;TEST-CNS-1183,
rights-case,RC0,GRD-CM-10,guards,TEST-CNS-454;TEST-CNS-468;TEST-CNS-469;TEST-CNS-641;TEST-CNS-672;TEST-CNS-1166;TEST-CNS-1168;TEST-CNS-1177,
rights-case,RC0,GRD-RC-01,guards,UNCOVERED,sin test que cite GRD-RC-01 / RC0 en tests/ ni en test-matrix.csv (cobertura no demostrable por cita)
rights-case,RC0,GRD-RC-02,guards,TEST-CNS-832,
rights-case,RC0,GRD-RC-03,guards,UNCOVERED,sin test que cite GRD-RC-03 / RC0 en tests/ ni en test-matrix.csv (cobertura no demostrable por cita)
rights-case,RC1,GRD-CM-06,guards,TEST-CNS-461;TEST-CNS-462,
rights-case,RC1,GRD-RC-01,guards,UNCOVERED,sin test que cite GRD-RC-01 / RC1 en tests/ ni en test-matrix.csv (cobertura no demostrable por cita)
rights-case,RC1,GRD-RC-02,guards,TEST-CNS-832,
rights-case,RC1,GRD-RC-04,guards,UNCOVERED,sin test que cite GRD-RC-04 / RC1 en tests/ ni en test-matrix.csv (cobertura no demostrable por cita)
rights-case,RC1,GRD-CM-01,bySource:BEARER,TEST-CNS-458;TEST-CNS-459;TEST-CNS-637;TEST-CNS-642;TEST-CNS-671;TEST-CNS-1165;TEST-CNS-1166;TEST-CNS-1169;TEST-CNS-1176,
rights-case,RC1,GRD-CM-10,bySource:BEARER,TEST-CNS-454;TEST-CNS-468;TEST-CNS-469;TEST-CNS-641;TEST-CNS-672;TEST-CNS-1166;TEST-CNS-1168;TEST-CNS-1177,
rights-case,RC1,GRD-RC-05,bySource:BEARER,UNCOVERED,sin test que cite GRD-RC-05 / RC1 en tests/ ni en test-matrix.csv (cobertura no demostrable por cita)
rights-case,RC1,GRD-RC-14,bySource:BEARER,TEST-CNS-458;TEST-CNS-459,
rights-case,RC1,GRD-RV-16,bySource:SYSTEM,UNCOVERED,sin test que cite GRD-RV-16 / RC1 en tests/ ni en test-matrix.csv (cobertura no demostrable por cita)
rights-case,RC1,GRD-RC-16,bySource:SYSTEM,UNCOVERED,sin test que cite GRD-RC-16 / RC1 en tests/ ni en test-matrix.csv (cobertura no demostrable por cita)
rights-case,RC1,GRD-CM-15,bySource:SYSTEM,TEST-CNS-456;TEST-CNS-460,
rights-case,RC1c,GRD-CM-10,guards,TEST-CNS-454;TEST-CNS-468;TEST-CNS-469;TEST-CNS-641;TEST-CNS-672;TEST-CNS-1166;TEST-CNS-1168;TEST-CNS-1177,
rights-case,RC2,GRD-RC-06,guards,UNCOVERED,sin test que cite GRD-RC-06 / RC2 en tests/ ni en test-matrix.csv (cobertura no demostrable por cita)
rights-case,RC2,GRD-RV-22,guards,UNCOVERED,sin test que cite GRD-RV-22 / RC2 en tests/ ni en test-matrix.csv (cobertura no demostrable por cita)
rights-case,RC2,GRD-RV-17,guards,UNCOVERED,sin test que cite GRD-RV-17 / RC2 en tests/ ni en test-matrix.csv (cobertura no demostrable por cita)
rights-case,RC2u,GRD-CM-10,guards,TEST-CNS-454;TEST-CNS-468;TEST-CNS-469,
rights-case,RC2u,GRD-RC-07,guards,UNCOVERED,sin test que cite GRD-RC-07 / RC2u en tests/ ni en test-matrix.csv (cobertura no demostrable por cita)
rights-case,RC2u,GRD-RC-14,guards,TEST-CNS-458;TEST-CNS-459,
rights-case,RC3,GRD-CM-10,guards,TEST-CNS-454;TEST-CNS-468;TEST-CNS-469;TEST-CNS-641;TEST-CNS-672;TEST-CNS-1166;TEST-CNS-1168;TEST-CNS-1177,
rights-case,RC3,GRD-RC-08,guards,UNCOVERED,sin test que cite GRD-RC-08 / RC3 en tests/ ni en test-matrix.csv (cobertura no demostrable por cita)
rights-case,RC3,GRD-RC-13,guards,UNCOVERED,sin test que cite GRD-RC-13 / RC3 en tests/ ni en test-matrix.csv (cobertura no demostrable por cita)
rights-case,RC3,GRD-RC-14,guards,TEST-CNS-458;TEST-CNS-459,
rights-case,RC3a,GRD-CM-10,guards,TEST-CNS-454;TEST-CNS-468;TEST-CNS-469;TEST-CNS-641;TEST-CNS-672;TEST-CNS-1166;TEST-CNS-1168;TEST-CNS-1177,
rights-case,RC3a,GRD-RC-08,guards,UNCOVERED,sin test que cite GRD-RC-08 / RC3a en tests/ ni en test-matrix.csv (cobertura no demostrable por cita)
rights-case,RC3a,GRD-RC-14,guards,TEST-CNS-458;TEST-CNS-459,
rights-case,RC3a,GRD-RV-27,guards,TEST-CNS-595,
rights-case,RC4.RESOLVED,GRD-CM-10,guards,TEST-CNS-454;TEST-CNS-468;TEST-CNS-469;TEST-CNS-641;TEST-CNS-672;TEST-CNS-1166;TEST-CNS-1168;TEST-CNS-1177,
rights-case,RC4.RESOLVED,GRD-RC-09,guards,UNCOVERED,sin test que cite GRD-RC-09 / RC4.RESOLVED en tests/ ni en test-matrix.csv (cobertura no demostrable por cita)
rights-case,RC4.RESOLVED,GRD-RC-10,guards,UNCOVERED,sin test que cite GRD-RC-10 / RC4.RESOLVED en tests/ ni en test-matrix.csv (cobertura no demostrable por cita)
rights-case,RC4.WITHDRAWN,GRD-CM-10,guards,TEST-CNS-454;TEST-CNS-468;TEST-CNS-469;TEST-CNS-641;TEST-CNS-672;TEST-CNS-1166;TEST-CNS-1168;TEST-CNS-1177,
rights-case,RC4.WITHDRAWN,GRD-RC-09,guards,UNCOVERED,sin test que cite GRD-RC-09 / RC4.WITHDRAWN en tests/ ni en test-matrix.csv (cobertura no demostrable por cita)
rights-case,RC4.WITHDRAWN,GRD-RC-10,guards,UNCOVERED,sin test que cite GRD-RC-10 / RC4.WITHDRAWN en tests/ ni en test-matrix.csv (cobertura no demostrable por cita)
rights-case,RC5,GRD-CM-10,guards,TEST-CNS-454;TEST-CNS-468;TEST-CNS-469;TEST-CNS-641;TEST-CNS-672;TEST-CNS-1166;TEST-CNS-1168;TEST-CNS-1177,
rights-case,RC5,GRD-RC-09,guards,UNCOVERED,sin test que cite GRD-RC-09 / RC5 en tests/ ni en test-matrix.csv (cobertura no demostrable por cita)
rights-case,RC5,GRD-RC-10,guards,UNCOVERED,sin test que cite GRD-RC-10 / RC5 en tests/ ni en test-matrix.csv (cobertura no demostrable por cita)
rights-case,RC6,GRD-CM-10,guards,TEST-CNS-454;TEST-CNS-468;TEST-CNS-469;TEST-CNS-641;TEST-CNS-672;TEST-CNS-1166;TEST-CNS-1168;TEST-CNS-1177,
rights-case,RC6,GRD-RC-09,guards,UNCOVERED,sin test que cite GRD-RC-09 / RC6 en tests/ ni en test-matrix.csv (cobertura no demostrable por cita)
rights-case,RC6,GRD-RC-10,guards,UNCOVERED,sin test que cite GRD-RC-10 / RC6 en tests/ ni en test-matrix.csv (cobertura no demostrable por cita)
tenant-context.Tenant,TN1,GRD-CM-07,guards,UNCOVERED,citado solo por tests de otras maquinas (TEST-CNS-457;TEST-CNS-475;TEST-CNS-477); ninguno cubre tenant-context.Tenant TN1
tenant-context.Tenant,TN1,GRD-CM-13,guards,UNCOVERED,citado solo por tests de otras maquinas (TEST-CNS-466;TEST-CNS-508;TEST-CNS-639); ninguno cubre tenant-context.Tenant TN1
tenant-context.Tenant,TN1,GRD-CM-14,guards,TEST-CNS-453;TEST-CNS-472,
tenant-context.Tenant,TN1,GRD-TC-01,guards,UNCOVERED,sin test que cite GRD-TC-01 / TN1 en tests/ ni en test-matrix.csv (cobertura no demostrable por cita)
tenant-context.Tenant,TN2,GRD-CM-07,guards,UNCOVERED,citado solo por tests de otras maquinas (TEST-CNS-457;TEST-CNS-475;TEST-CNS-477); ninguno cubre tenant-context.Tenant TN2
tenant-context.Tenant,TN2,GRD-CM-13,guards,UNCOVERED,citado solo por tests de otras maquinas (TEST-CNS-466;TEST-CNS-508;TEST-CNS-639); ninguno cubre tenant-context.Tenant TN2
tenant-context.Tenant,TN2,GRD-CM-14,guards,TEST-CNS-453,
tenant-context.Tenant,TN2,GRD-TC-01,guards,UNCOVERED,sin test que cite GRD-TC-01 / TN2 en tests/ ni en test-matrix.csv (cobertura no demostrable por cita)
tenant-context.SchoolParticipation,SP1,GRD-CM-07,guards,UNCOVERED,citado solo por tests de otras maquinas (TEST-CNS-457;TEST-CNS-475;TEST-CNS-477); ninguno cubre tenant-context.SchoolParticipation SP1
tenant-context.SchoolParticipation,SP1,GRD-CM-13,guards,UNCOVERED,citado solo por tests de otras maquinas (TEST-CNS-466;TEST-CNS-508;TEST-CNS-639); ninguno cubre tenant-context.SchoolParticipation SP1
tenant-context.SchoolParticipation,SP1,GRD-CM-14,guards,TEST-CNS-453;TEST-CNS-472,
tenant-context.SchoolParticipation,SP1,GRD-TC-02,guards,UNCOVERED,sin test que cite GRD-TC-02 / SP1 en tests/ ni en test-matrix.csv (cobertura no demostrable por cita)
tenant-context.SchoolParticipation,SP2,GRD-CM-07,guards,UNCOVERED,citado solo por tests de otras maquinas (TEST-CNS-457;TEST-CNS-475;TEST-CNS-477); ninguno cubre tenant-context.SchoolParticipation SP2
tenant-context.SchoolParticipation,SP2,GRD-CM-13,guards,UNCOVERED,citado solo por tests de otras maquinas (TEST-CNS-466;TEST-CNS-508;TEST-CNS-639); ninguno cubre tenant-context.SchoolParticipation SP2
tenant-context.SchoolParticipation,SP2,GRD-CM-14,guards,TEST-CNS-453;TEST-CNS-472,
tenant-context.SchoolParticipation,SP3,GRD-CM-07,guards,UNCOVERED,citado solo por tests de otras maquinas (TEST-CNS-457;TEST-CNS-475;TEST-CNS-477); ninguno cubre tenant-context.SchoolParticipation SP3
tenant-context.SchoolParticipation,SP3,GRD-CM-13,guards,UNCOVERED,citado solo por tests de otras maquinas (TEST-CNS-466;TEST-CNS-508;TEST-CNS-639); ninguno cubre tenant-context.SchoolParticipation SP3
tenant-context.SchoolParticipation,SP3,GRD-CM-14,guards,TEST-CNS-453;TEST-CNS-472,
tenant-context.SchoolParticipation,SP3,GRD-TC-02,guards,UNCOVERED,sin test que cite GRD-TC-02 / SP3 en tests/ ni en test-matrix.csv (cobertura no demostrable por cita)
tenant-context.SchoolParticipation,SP4,GRD-CM-07,guards,UNCOVERED,citado solo por tests de otras maquinas (TEST-CNS-457;TEST-CNS-475;TEST-CNS-477); ninguno cubre tenant-context.SchoolParticipation SP4
tenant-context.SchoolParticipation,SP4,GRD-CM-13,guards,UNCOVERED,citado solo por tests de otras maquinas (TEST-CNS-466;TEST-CNS-508;TEST-CNS-639); ninguno cubre tenant-context.SchoolParticipation SP4
tenant-context.SchoolParticipation,SP4,GRD-CM-14,guards,TEST-CNS-453;TEST-CNS-472,
tenant-context.SchoolParticipation,SP4,GRD-TC-08,guards,UNCOVERED,sin test que cite GRD-TC-08 / SP4 en tests/ ni en test-matrix.csv (cobertura no demostrable por cita)
tenant-context.Enrollment,EN0,GRD-CM-07,guards,UNCOVERED,citado solo por tests de otras maquinas (TEST-CNS-457;TEST-CNS-475;TEST-CNS-477); ninguno cubre tenant-context.Enrollment EN0
tenant-context.Enrollment,EN0,GRD-CM-13,guards,UNCOVERED,citado solo por tests de otras maquinas (TEST-CNS-466;TEST-CNS-508;TEST-CNS-639); ninguno cubre tenant-context.Enrollment EN0
tenant-context.Enrollment,EN0,GRD-TC-03,guards,TEST-CNS-833,
tenant-context.Enrollment,EN0,GRD-CM-01,bySource:STAFF,UNCOVERED,citado solo por tests de otras maquinas (TEST-CNS-458;TEST-CNS-459;TEST-CNS-464); ninguno cubre tenant-context.Enrollment EN0
tenant-context.Enrollment,EN0,GRD-CM-02,bySource:STAFF,UNCOVERED,citado solo por tests de otras maquinas (TEST-CNS-489;TEST-CNS-715;TEST-CNS-717); ninguno cubre tenant-context.Enrollment EN0
tenant-context.Enrollment,EN0,GRD-CM-10,bySource:STAFF,UNCOVERED,citado solo por tests de otras maquinas (TEST-CNS-454;TEST-CNS-468;TEST-CNS-469); ninguno cubre tenant-context.Enrollment EN0
tenant-context.Enrollment,EN0,GRD-CM-14,bySource:FIXTURE,TEST-CNS-453;TEST-CNS-472,
tenant-context.Enrollment,EN0,GRD-CM-15,bySource:FIXTURE,TEST-CNS-453;TEST-CNS-473,
tenant-context.Enrollment,EN1,GRD-CM-07,guards,UNCOVERED,citado solo por tests de otras maquinas (TEST-CNS-457;TEST-CNS-475;TEST-CNS-477); ninguno cubre tenant-context.Enrollment EN1
tenant-context.Enrollment,EN1,GRD-CM-13,guards,UNCOVERED,citado solo por tests de otras maquinas (TEST-CNS-466;TEST-CNS-508;TEST-CNS-639); ninguno cubre tenant-context.Enrollment EN1
tenant-context.Enrollment,EN1,GRD-TC-04,guards,UNCOVERED,sin test que cite GRD-TC-04 / EN1 en tests/ ni en test-matrix.csv (cobertura no demostrable por cita)
tenant-context.Enrollment,EN1,GRD-TC-08,guards,UNCOVERED,sin test que cite GRD-TC-08 / EN1 en tests/ ni en test-matrix.csv (cobertura no demostrable por cita)
tenant-context.Enrollment,EN1,GRD-CM-01,bySource:STAFF,UNCOVERED,citado solo por tests de otras maquinas (TEST-CNS-458;TEST-CNS-459;TEST-CNS-464); ninguno cubre tenant-context.Enrollment EN1
tenant-context.Enrollment,EN1,GRD-CM-02,bySource:STAFF,UNCOVERED,citado solo por tests de otras maquinas (TEST-CNS-489;TEST-CNS-715;TEST-CNS-717); ninguno cubre tenant-context.Enrollment EN1
tenant-context.Enrollment,EN1,GRD-CM-10,bySource:STAFF,UNCOVERED,citado solo por tests de otras maquinas (TEST-CNS-454;TEST-CNS-468;TEST-CNS-469); ninguno cubre tenant-context.Enrollment EN1
tenant-context.Enrollment,EN1,GRD-CM-14,bySource:FIXTURE,TEST-CNS-453;TEST-CNS-472,
tenant-context.Enrollment,EN1,GRD-CM-15,bySource:FIXTURE,TEST-CNS-453;TEST-CNS-473,
tenant-context.ConsentContextReadiness,CX1,GRD-TC-05,guards,UNCOVERED,sin test que cite GRD-TC-05 / CX1 en tests/ ni en test-matrix.csv (cobertura no demostrable por cita)
tenant-context.ConsentContextReadiness,CX2,GRD-CM-07,guards,UNCOVERED,citado solo por tests de otras maquinas (TEST-CNS-457;TEST-CNS-475;TEST-CNS-477); ninguno cubre tenant-context.ConsentContextReadiness CX2
tenant-context.ConsentContextReadiness,CX2,GRD-CM-10,guards,UNCOVERED,citado solo por tests de otras maquinas (TEST-CNS-454;TEST-CNS-468;TEST-CNS-469); ninguno cubre tenant-context.ConsentContextReadiness CX2
tenant-context.ConsentContextReadiness,CX2,GRD-TC-05,guards,UNCOVERED,sin test que cite GRD-TC-05 / CX2 en tests/ ni en test-matrix.csv (cobertura no demostrable por cita)
tenant-context.ConsentContextReadiness,CX2,GRD-TC-06,guards,UNCOVERED,sin test que cite GRD-TC-06 / CX2 en tests/ ni en test-matrix.csv (cobertura no demostrable por cita)
rights-case,RC1,GRD-CM-07,bySource:BEARER,TEST-CNS-457,
rights-case,RC2,GRD-CM-15,guards,TEST-CNS-456,
rights-case,RC2u,GRD-CM-01,guards,TEST-CNS-458;TEST-CNS-459;TEST-CNS-637;TEST-CNS-642;TEST-CNS-671;TEST-CNS-1165;TEST-CNS-1166;TEST-CNS-1169;TEST-CNS-1176,
rights-case,RC2u,GRD-CM-06,guards,TEST-CNS-461;TEST-CNS-462,
rights-case,RC2u,GRD-CM-07,guards,TEST-CNS-457;TEST-CNS-638;TEST-CNS-640;TEST-CNS-645;TEST-CNS-667;TEST-CNS-668;TEST-CNS-985;TEST-CNS-1018;TEST-CNS-1176;TEST-CNS-1183,
rights-case,RC2u,GRD-RV-20,guards,TEST-CNS-706,
rights-case,RC3,GRD-CM-01,guards,TEST-CNS-458;TEST-CNS-459,
rights-case,RC3,GRD-CM-06,guards,TEST-CNS-462,
rights-case,RC3,GRD-CM-07,guards,TEST-CNS-457;TEST-CNS-638;TEST-CNS-640;TEST-CNS-645;TEST-CNS-667;TEST-CNS-668;TEST-CNS-985;TEST-CNS-1018;TEST-CNS-1176;TEST-CNS-1183,
rights-case,RC3,GRD-RV-20,guards,TEST-CNS-706,
rights-case,RC3a,GRD-CM-01,guards,TEST-CNS-458;TEST-CNS-459,
rights-case,RC3a,GRD-CM-06,guards,TEST-CNS-461;TEST-CNS-462,
rights-case,RC3a,GRD-CM-07,guards,TEST-CNS-457;TEST-CNS-638;TEST-CNS-640;TEST-CNS-645;TEST-CNS-667;TEST-CNS-668;TEST-CNS-985;TEST-CNS-1018;TEST-CNS-1176;TEST-CNS-1183,
rights-case,RC3a,GRD-RV-20,guards,TEST-CNS-706,
rights-case,RC4.RESOLVED,GRD-CM-06,guards,TEST-CNS-461;TEST-CNS-462,
rights-case,RC4.RESOLVED,GRD-CM-07,guards,TEST-CNS-457;TEST-CNS-638;TEST-CNS-640;TEST-CNS-645;TEST-CNS-667;TEST-CNS-668;TEST-CNS-985;TEST-CNS-1018;TEST-CNS-1176;TEST-CNS-1183,
rights-case,RC4.WITHDRAWN,GRD-CM-06,guards,TEST-CNS-461;TEST-CNS-462,
rights-case,RC4.WITHDRAWN,GRD-CM-07,guards,TEST-CNS-457;TEST-CNS-638;TEST-CNS-640;TEST-CNS-645;TEST-CNS-667;TEST-CNS-668;TEST-CNS-985;TEST-CNS-1018;TEST-CNS-1176;TEST-CNS-1183,
rights-case,RC5,GRD-CM-06,guards,TEST-CNS-461,
rights-case,RC5,GRD-CM-07,guards,TEST-CNS-457;TEST-CNS-638;TEST-CNS-640;TEST-CNS-645;TEST-CNS-667;TEST-CNS-668;TEST-CNS-985;TEST-CNS-1018;TEST-CNS-1176;TEST-CNS-1183,
rights-case,RC6,GRD-CM-06,guards,TEST-CNS-461,
rights-case,RC6,GRD-CM-07,guards,TEST-CNS-457;TEST-CNS-638;TEST-CNS-640;TEST-CNS-645;TEST-CNS-667;TEST-CNS-668;TEST-CNS-985;TEST-CNS-1018;TEST-CNS-1176;TEST-CNS-1183,
revocation,RC3,GRD-CM-01,guards,TEST-CNS-458,
revocation,R12,GRD-CM-01,guards,TEST-CNS-458,
revocation,RH2,GRD-CM-01,guards,TEST-CNS-464,
revocation,RH2,GRD-CM-07,guards,UNCOVERED,citado solo por tests de otras maquinas (TEST-CNS-457;TEST-CNS-475;TEST-CNS-477); ninguno cubre revocation RH2
revocation,RH2v,GRD-CM-01,guards,TEST-CNS-458;TEST-CNS-464;TEST-CNS-631;TEST-CNS-632;TEST-CNS-661,
revocation,RH2v,GRD-CM-07,guards,UNCOVERED,citado solo por tests de otras maquinas (TEST-CNS-457;TEST-CNS-475;TEST-CNS-477); ninguno cubre revocation RH2v
revocation,RH3,GRD-CM-01,guards,TEST-CNS-464,
revocation,RH3,GRD-CM-06,guards,TEST-CNS-452;TEST-CNS-462;TEST-CNS-464,
revocation,RH3,GRD-CM-07,guards,UNCOVERED,citado solo por tests de otras maquinas (TEST-CNS-457;TEST-CNS-475;TEST-CNS-477); ninguno cubre revocation RH3
revocation,RV0,GRD-CM-01,bySource:BEARER,TEST-CNS-458;TEST-CNS-464;TEST-CNS-631;TEST-CNS-632;TEST-CNS-661,
revocation,RV0,GRD-CM-07,bySource:BEARER,UNCOVERED,citado solo por tests de otras maquinas (TEST-CNS-457;TEST-CNS-475;TEST-CNS-477); ninguno cubre revocation RV0
revocation,RV0,GRD-CM-10,bySource:BEARER,UNCOVERED,citado solo por tests de otras maquinas (TEST-CNS-454;TEST-CNS-468;TEST-CNS-469); ninguno cubre revocation RV0
revocation,RV0,GRD-RV-20,bySource:BEARER,TEST-CNS-706,
revocation,RV0,GRD-RV-22,bySource:SYSTEM,UNCOVERED,sin test que cite GRD-RV-22 / RV0 en tests/ ni en test-matrix.csv (cobertura no demostrable por cita)
revocation,RV0,GRD-CM-15,bySource:SYSTEM,TEST-CNS-455;TEST-CNS-471,
tenant-context.Tenant,TN1,GRD-CM-14,bySource:FIXTURE,TEST-CNS-453;TEST-CNS-472,
tenant-context.Tenant,TN1,GRD-CM-15,bySource:FIXTURE,TEST-CNS-453;TEST-CNS-473,
tenant-context.Tenant,TN2,GRD-CM-14,bySource:FIXTURE,TEST-CNS-453,
tenant-context.Tenant,TN2,GRD-CM-15,bySource:FIXTURE,TEST-CNS-453,
tenant-context.SchoolParticipation,SP1,GRD-CM-14,bySource:FIXTURE,TEST-CNS-453;TEST-CNS-472,
tenant-context.SchoolParticipation,SP1,GRD-CM-15,bySource:FIXTURE,TEST-CNS-453;TEST-CNS-473,
tenant-context.SchoolParticipation,SP2,GRD-CM-14,bySource:FIXTURE,TEST-CNS-453;TEST-CNS-472,
tenant-context.SchoolParticipation,SP2,GRD-CM-15,bySource:FIXTURE,TEST-CNS-453;TEST-CNS-473,
tenant-context.SchoolParticipation,SP3,GRD-CM-14,bySource:FIXTURE,TEST-CNS-453;TEST-CNS-472,
tenant-context.SchoolParticipation,SP3,GRD-CM-15,bySource:FIXTURE,TEST-CNS-453;TEST-CNS-473,
tenant-context.SchoolParticipation,SP4,GRD-CM-14,bySource:FIXTURE,TEST-CNS-453;TEST-CNS-472,
tenant-context.SchoolParticipation,SP4,GRD-CM-15,bySource:FIXTURE,TEST-CNS-453;TEST-CNS-473,
