id,type,source,reason,accepted_by,accepted_on
ERR-CD-03,ERR,specs/state-machines/consent-decision.spec.yaml,sin TEST-CNS que lo cite en test-matrix.csv ni fila de maquina de estados con test; sin cita en src/ ni db/ (posible no implementado en IT0),Carlos Oyarzun (aceptación por grupo en chat),2026-10-06
ERR-CD-05,ERR,specs/state-machines/consent-decision.spec.yaml,sin TEST-CNS que lo cite en test-matrix.csv ni fila de maquina de estados con test; sin cita en src/ ni db/ (posible no implementado en IT0),Carlos Oyarzun (aceptación por grupo en chat),2026-10-06
ERR-CD-06,ERR,specs/state-machines/consent-decision.spec.yaml,sin TEST-CNS que lo cite en test-matrix.csv ni fila de maquina de estados con test; sin cita en src/ ni db/ (posible no implementado en IT0),Carlos Oyarzun (aceptación por grupo en chat),2026-10-06
ERR-CD-07,ERR,specs/state-machines/consent-decision.spec.yaml,"sin TEST-CNS que lo cite en test-matrix.csv ni fila de maquina de estados con test; citado en codigo (3 archivos, p.ej. src/server/entrypoints/http/consent-flow.handler.ts) sin test que lo cite",Carlos Oyarzun (aceptación por grupo en chat),2026-10-06
ERR-CM-02,ERR,specs/state-machines/common.spec.yaml,"sin TEST-CNS que lo cite en test-matrix.csv ni fila de maquina de estados con test; citado en codigo (3 archivos, p.ej. src/server/entrypoints/http/staff-console.handler.ts) sin test que lo cite",Carlos Oyarzun (aceptación por grupo en chat),2026-10-06
ERR-CM-08,ERR,specs/state-machines/common.spec.yaml,sin TEST-CNS que lo cite en test-matrix.csv ni fila de maquina de estados con test; sin cita en src/ ni db/ (posible no implementado en IT0),Carlos Oyarzun (aceptación por grupo en chat),2026-10-06
ERR-IV-04,ERR,specs/state-machines/invitation.spec.yaml,"sin TEST-CNS que lo cite en test-matrix.csv ni fila de maquina de estados con test; citado en codigo (3 archivos, p.ej. src/server/entrypoints/http/staff-console.handler.ts) sin test que lo cite",Carlos Oyarzun (aceptación por grupo en chat),2026-10-06
ERR-IV-05,ERR,specs/state-machines/invitation.spec.yaml,sin TEST-CNS que lo cite en test-matrix.csv ni fila de maquina de estados con test; sin cita en src/ ni db/ (posible no implementado en IT0),Carlos Oyarzun (aceptación por grupo en chat),2026-10-06
ERR-IV-06,ERR,specs/state-machines/invitation.spec.yaml,sin TEST-CNS que lo cite en test-matrix.csv ni fila de maquina de estados con test; sin cita en src/ ni db/ (posible no implementado en IT0),Carlos Oyarzun (aceptación por grupo en chat),2026-10-06
ERR-IV-08,ERR,specs/state-machines/invitation.spec.yaml,sin TEST-CNS que lo cite en test-matrix.csv ni fila de maquina de estados con test; sin cita en src/ ni db/ (posible no implementado en IT0),Carlos Oyarzun (aceptación por grupo en chat),2026-10-06
ERR-IV-09,ERR,specs/state-machines/invitation.spec.yaml,sin TEST-CNS que lo cite en test-matrix.csv ni fila de maquina de estados con test; sin cita en src/ ni db/ (posible no implementado en IT0),Carlos Oyarzun (aceptación por grupo en chat),2026-10-06
ERR-IV-10,ERR,specs/state-machines/invitation.spec.yaml,"sin TEST-CNS que lo cite en test-matrix.csv ni fila de maquina de estados con test; citado en codigo (1 archivos, p.ej. src/server/modules/common/errors.ts) sin test que lo cite",Carlos Oyarzun (aceptación por grupo en chat),2026-10-06
ERR-RC-01,ERR,specs/state-machines/rights-case.spec.yaml,"sin TEST-CNS que lo cite en test-matrix.csv ni fila de maquina de estados con test; citado en codigo (3 archivos, p.ej. src/server/entrypoints/http/rights-case-resume.handler.ts) sin test que lo cite",Carlos Oyarzun (aceptación por grupo en chat),2026-10-06
ERR-RC-02,ERR,specs/state-machines/rights-case.spec.yaml,sin TEST-CNS que lo cite en test-matrix.csv ni fila de maquina de estados con test; sin cita en src/ ni db/ (posible no implementado en IT0),Carlos Oyarzun (aceptación por grupo en chat),2026-10-06
ERR-RC-03,ERR,specs/state-machines/rights-case.spec.yaml,sin TEST-CNS que lo cite en test-matrix.csv ni fila de maquina de estados con test; sin cita en src/ ni db/ (posible no implementado en IT0),Carlos Oyarzun (aceptación por grupo en chat),2026-10-06
ERR-RC-04,ERR,specs/state-machines/rights-case.spec.yaml,sin TEST-CNS que lo cite en test-matrix.csv ni fila de maquina de estados con test; sin cita en src/ ni db/ (posible no implementado en IT0),Carlos Oyarzun (aceptación por grupo en chat),2026-10-06
ERR-RC-05,ERR,specs/state-machines/rights-case.spec.yaml,"sin TEST-CNS que lo cite en test-matrix.csv ni fila de maquina de estados con test; citado en codigo (1 archivos, p.ej. src/server/modules/revocation/revocation.ts) sin test que lo cite",Carlos Oyarzun (aceptación por grupo en chat),2026-10-06
ERR-RC-06,ERR,specs/state-machines/rights-case.spec.yaml,sin TEST-CNS que lo cite en test-matrix.csv ni fila de maquina de estados con test; sin cita en src/ ni db/ (posible no implementado en IT0),Carlos Oyarzun (aceptación por grupo en chat),2026-10-06
ERR-RC-07,ERR,specs/state-machines/rights-case.spec.yaml,sin TEST-CNS que lo cite en test-matrix.csv ni fila de maquina de estados con test; sin cita en src/ ni db/ (posible no implementado en IT0),Carlos Oyarzun (aceptación por grupo en chat),2026-10-06
ERR-RC-08,ERR,specs/state-machines/rights-case.spec.yaml,sin TEST-CNS que lo cite en test-matrix.csv ni fila de maquina de estados con test; sin cita en src/ ni db/ (posible no implementado en IT0),Carlos Oyarzun (aceptación por grupo en chat),2026-10-06
ERR-RC-09,ERR,specs/state-machines/rights-case.spec.yaml,"sin TEST-CNS que lo cite en test-matrix.csv ni fila de maquina de estados con test; citado en codigo (3 archivos, p.ej. src/server/entrypoints/http/rights-case-resume.handler.ts) sin test que lo cite",Carlos Oyarzun (aceptación por grupo en chat),2026-10-06
ERR-RC-11,ERR,specs/state-machines/rights-case.spec.yaml,sin TEST-CNS que lo cite en test-matrix.csv ni fila de maquina de estados con test; sin cita en src/ ni db/ (posible no implementado en IT0),Carlos Oyarzun (aceptación por grupo en chat),2026-10-06
ERR-RV-01,ERR,specs/state-machines/revocation.spec.yaml,sin TEST-CNS que lo cite en test-matrix.csv ni fila de maquina de estados con test; sin cita en src/ ni db/ (posible no implementado en IT0),Carlos Oyarzun (aceptación por grupo en chat),2026-10-06
ERR-RV-03,ERR,specs/state-machines/revocation.spec.yaml,sin TEST-CNS que lo cite en test-matrix.csv ni fila de maquina de estados con test; sin cita en src/ ni db/ (posible no implementado en IT0),Carlos Oyarzun (aceptación por grupo en chat),2026-10-06
ERR-RV-04,ERR,specs/state-machines/revocation.spec.yaml,"sin TEST-CNS que lo cite en test-matrix.csv ni fila de maquina de estados con test; citado en codigo (1 archivos, p.ej. src/server/modules/common/errors.ts) sin test que lo cite",Carlos Oyarzun (aceptación por grupo en chat),2026-10-06
ERR-RV-06,ERR,specs/state-machines/revocation.spec.yaml,sin TEST-CNS que lo cite en test-matrix.csv ni fila de maquina de estados con test; sin cita en src/ ni db/ (posible no implementado en IT0),Carlos Oyarzun (aceptación por grupo en chat),2026-10-06
ERR-RV-08,ERR,specs/state-machines/revocation.spec.yaml,sin TEST-CNS que lo cite en test-matrix.csv ni fila de maquina de estados con test; sin cita en src/ ni db/ (posible no implementado en IT0),Carlos Oyarzun (aceptación por grupo en chat),2026-10-06
ERR-RV-11,ERR,specs/state-machines/revocation.spec.yaml,sin TEST-CNS que lo cite en test-matrix.csv ni fila de maquina de estados con test; sin cita en src/ ni db/ (posible no implementado en IT0),Carlos Oyarzun (aceptación por grupo en chat),2026-10-06
ERR-RV-12,ERR,specs/state-machines/revocation.spec.yaml,sin TEST-CNS que lo cite en test-matrix.csv ni fila de maquina de estados con test; sin cita en src/ ni db/ (posible no implementado en IT0),Carlos Oyarzun (aceptación por grupo en chat),2026-10-06
ERR-RV-14,ERR,specs/state-machines/revocation.spec.yaml,sin TEST-CNS que lo cite en test-matrix.csv ni fila de maquina de estados con test; sin cita en src/ ni db/ (posible no implementado en IT0),Carlos Oyarzun (aceptación por grupo en chat),2026-10-06
ERR-RV-15,ERR,specs/state-machines/revocation.spec.yaml,sin TEST-CNS que lo cite en test-matrix.csv ni fila de maquina de estados con test; sin cita en src/ ni db/ (posible no implementado en IT0),Carlos Oyarzun (aceptación por grupo en chat),2026-10-06
ERR-RV-16,ERR,specs/state-machines/revocation.spec.yaml,sin TEST-CNS que lo cite en test-matrix.csv ni fila de maquina de estados con test; sin cita en src/ ni db/ (posible no implementado en IT0),Carlos Oyarzun (aceptación por grupo en chat),2026-10-06
ERR-RV-17,ERR,specs/state-machines/revocation.spec.yaml,sin TEST-CNS que lo cite en test-matrix.csv ni fila de maquina de estados con test; sin cita en src/ ni db/ (posible no implementado en IT0),Carlos Oyarzun (aceptación por grupo en chat),2026-10-06
ERR-RV-19,ERR,specs/state-machines/revocation.spec.yaml,sin TEST-CNS que lo cite en test-matrix.csv ni fila de maquina de estados con test; sin cita en src/ ni db/ (posible no implementado en IT0),Carlos Oyarzun (aceptación por grupo en chat),2026-10-06
ERR-SE-01,ERR,specs/session.spec.yaml,sin TEST-CNS que lo cite en test-matrix.csv ni fila de maquina de estados con test; sin cita en src/ ni db/ (posible no implementado en IT0),Carlos Oyarzun (aceptación por grupo en chat),2026-10-06
ERR-SE-02,ERR,specs/session.spec.yaml,sin TEST-CNS que lo cite en test-matrix.csv ni fila de maquina de estados con test; sin cita en src/ ni db/ (posible no implementado en IT0),Carlos Oyarzun (aceptación por grupo en chat),2026-10-06
ERR-TC-01,ERR,specs/state-machines/tenant-context.spec.yaml,sin TEST-CNS que lo cite en test-matrix.csv ni fila de maquina de estados con test; sin cita en src/ ni db/ (posible no implementado en IT0),Carlos Oyarzun (aceptación por grupo en chat),2026-10-06
ERR-TC-02,ERR,specs/state-machines/tenant-context.spec.yaml,sin TEST-CNS que lo cite en test-matrix.csv ni fila de maquina de estados con test; sin cita en src/ ni db/ (posible no implementado en IT0),Carlos Oyarzun (aceptación por grupo en chat),2026-10-06
ERR-TC-04,ERR,specs/state-machines/tenant-context.spec.yaml,sin TEST-CNS que lo cite en test-matrix.csv ni fila de maquina de estados con test; sin cita en src/ ni db/ (posible no implementado en IT0),Carlos Oyarzun (aceptación por grupo en chat),2026-10-06
ERR-TC-05,ERR,specs/state-machines/tenant-context.spec.yaml,sin TEST-CNS que lo cite en test-matrix.csv ni fila de maquina de estados con test; sin cita en src/ ni db/ (posible no implementado en IT0),Carlos Oyarzun (aceptación por grupo en chat),2026-10-06
GRD-CD-10,GRD,specs/state-machines/consent-decision.spec.yaml,"sin TEST-CNS que lo cite en test-matrix.csv ni fila de maquina de estados con test; citado en codigo (1 archivos, p.ej. src/server/modules/consent-decision/consent-decision.ts) sin test que lo cite",Carlos Oyarzun (aceptación por grupo en chat),2026-10-06
GRD-CD-12,GRD,specs/state-machines/consent-decision.spec.yaml,"sin TEST-CNS que lo cite en test-matrix.csv ni fila de maquina de estados con test; citado en codigo (1 archivos, p.ej. src/server/modules/consent-decision/consent-decision.ts) sin test que lo cite",Carlos Oyarzun (aceptación por grupo en chat),2026-10-06
GRD-CM-09,GRD,specs/state-machines/common.spec.yaml,sin TEST-CNS que lo cite en test-matrix.csv ni fila de maquina de estados con test; sin cita en src/ ni db/ (posible no implementado en IT0),Carlos Oyarzun (aceptación por grupo en chat),2026-10-06
GRD-CM-12,GRD,specs/state-machines/common.spec.yaml,"sin TEST-CNS que lo cite en test-matrix.csv ni fila de maquina de estados con test; citado en codigo (3 archivos, p.ej. src/server/modules/otp-challenge/otp-challenge.ts) sin test que lo cite",Carlos Oyarzun (aceptación por grupo en chat),2026-10-06
GRD-IV-04,GRD,specs/state-machines/invitation.spec.yaml,"sin TEST-CNS que lo cite en test-matrix.csv ni fila de maquina de estados con test; citado en codigo (2 archivos, p.ej. src/server/modules/common/errors.ts) sin test que lo cite",Carlos Oyarzun (aceptación por grupo en chat),2026-10-06
GRD-IV-06,GRD,specs/state-machines/invitation.spec.yaml,"sin TEST-CNS que lo cite en test-matrix.csv ni fila de maquina de estados con test; citado en codigo (1 archivos, p.ej. src/server/modules/invitation/invitation.ts) sin test que lo cite",Carlos Oyarzun (aceptación por grupo en chat),2026-10-06
GRD-IV-09,GRD,specs/state-machines/invitation.spec.yaml,sin TEST-CNS que lo cite en test-matrix.csv ni fila de maquina de estados con test; sin cita en src/ ni db/ (posible no implementado en IT0),Carlos Oyarzun (aceptación por grupo en chat),2026-10-06
GRD-IV-10,GRD,specs/state-machines/invitation.spec.yaml,sin TEST-CNS que lo cite en test-matrix.csv ni fila de maquina de estados con test; sin cita en src/ ni db/ (posible no implementado en IT0),Carlos Oyarzun (aceptación por grupo en chat),2026-10-06
GRD-IV-13,GRD,specs/state-machines/invitation.spec.yaml,"sin TEST-CNS que lo cite en test-matrix.csv ni fila de maquina de estados con test; citado en codigo (1 archivos, p.ej. src/server/modules/invitation/invitation.ts) sin test que lo cite",Carlos Oyarzun (aceptación por grupo en chat),2026-10-06
GRD-OT-05,GRD,specs/state-machines/otp-challenge.spec.yaml,"sin TEST-CNS que lo cite en test-matrix.csv ni fila de maquina de estados con test; citado en codigo (2 archivos, p.ej. src/server/modules/otp-challenge/otp-challenge.ts) sin test que lo cite",Carlos Oyarzun (aceptación por grupo en chat),2026-10-06
GRD-OT-10,GRD,specs/state-machines/otp-challenge.spec.yaml,sin TEST-CNS que lo cite en test-matrix.csv ni fila de maquina de estados con test; sin cita en src/ ni db/ (posible no implementado en IT0),Carlos Oyarzun (aceptación por grupo en chat),2026-10-06
GRD-OT-11,GRD,specs/state-machines/otp-challenge.spec.yaml,sin TEST-CNS que lo cite en test-matrix.csv ni fila de maquina de estados con test; sin cita en src/ ni db/ (posible no implementado en IT0),Carlos Oyarzun (aceptación por grupo en chat),2026-10-06
GRD-OT-12,GRD,specs/state-machines/otp-challenge.spec.yaml,sin TEST-CNS que lo cite en test-matrix.csv ni fila de maquina de estados con test; sin cita en src/ ni db/ (posible no implementado en IT0),Carlos Oyarzun (aceptación por grupo en chat),2026-10-06
GRD-OT-13,GRD,specs/state-machines/otp-challenge.spec.yaml,"sin TEST-CNS que lo cite en test-matrix.csv ni fila de maquina de estados con test; citado en codigo (1 archivos, p.ej. src/server/modules/otp-challenge/otp-challenge.ts) sin test que lo cite",Carlos Oyarzun (aceptación por grupo en chat),2026-10-06
GRD-RC-01,GRD,specs/state-machines/rights-case.spec.yaml,sin TEST-CNS que lo cite en test-matrix.csv ni fila de maquina de estados con test; sin cita en src/ ni db/ (posible no implementado en IT0),Carlos Oyarzun (aceptación por grupo en chat),2026-10-06
GRD-RC-03,GRD,specs/state-machines/rights-case.spec.yaml,sin TEST-CNS que lo cite en test-matrix.csv ni fila de maquina de estados con test; sin cita en src/ ni db/ (posible no implementado en IT0),Carlos Oyarzun (aceptación por grupo en chat),2026-10-06
GRD-RC-04,GRD,specs/state-machines/rights-case.spec.yaml,sin TEST-CNS que lo cite en test-matrix.csv ni fila de maquina de estados con test; sin cita en src/ ni db/ (posible no implementado en IT0),Carlos Oyarzun (aceptación por grupo en chat),2026-10-06
GRD-RC-05,GRD,specs/state-machines/rights-case.spec.yaml,"sin TEST-CNS que lo cite en test-matrix.csv ni fila de maquina de estados con test; citado en codigo (2 archivos, p.ej. src/server/ports/access-log.port.ts) sin test que lo cite",Carlos Oyarzun (aceptación por grupo en chat),2026-10-06
GRD-RC-06,GRD,specs/state-machines/rights-case.spec.yaml,sin TEST-CNS que lo cite en test-matrix.csv ni fila de maquina de estados con test; sin cita en src/ ni db/ (posible no implementado en IT0),Carlos Oyarzun (aceptación por grupo en chat),2026-10-06
GRD-RC-07,GRD,specs/state-machines/rights-case.spec.yaml,"sin TEST-CNS que lo cite en test-matrix.csv ni fila de maquina de estados con test; citado en codigo (4 archivos, p.ej. src/server/entrypoints/http/rights-case-resume.handler.ts) sin test que lo cite",Carlos Oyarzun (aceptación por grupo en chat),2026-10-06
GRD-RC-08,GRD,specs/state-machines/rights-case.spec.yaml,sin TEST-CNS que lo cite en test-matrix.csv ni fila de maquina de estados con test; sin cita en src/ ni db/ (posible no implementado en IT0),Carlos Oyarzun (aceptación por grupo en chat),2026-10-06
GRD-RC-09,GRD,specs/state-machines/rights-case.spec.yaml,sin TEST-CNS que lo cite en test-matrix.csv ni fila de maquina de estados con test; sin cita en src/ ni db/ (posible no implementado en IT0),Carlos Oyarzun (aceptación por grupo en chat),2026-10-06
GRD-RC-10,GRD,specs/state-machines/rights-case.spec.yaml,"sin TEST-CNS que lo cite en test-matrix.csv ni fila de maquina de estados con test; citado en codigo (1 archivos, p.ej. src/server/modules/revocation/revocation.ts) sin test que lo cite",Carlos Oyarzun (aceptación por grupo en chat),2026-10-06
GRD-RC-11,GRD,specs/state-machines/rights-case.spec.yaml,sin TEST-CNS que lo cite en test-matrix.csv ni fila de maquina de estados con test; sin cita en src/ ni db/ (posible no implementado en IT0),Carlos Oyarzun (aceptación por grupo en chat),2026-10-06
GRD-RC-13,GRD,specs/state-machines/rights-case.spec.yaml,sin TEST-CNS que lo cite en test-matrix.csv ni fila de maquina de estados con test; sin cita en src/ ni db/ (posible no implementado en IT0),Carlos Oyarzun (aceptación por grupo en chat),2026-10-06
GRD-RC-16,GRD,specs/state-machines/rights-case.spec.yaml,sin TEST-CNS que lo cite en test-matrix.csv ni fila de maquina de estados con test; sin cita en src/ ni db/ (posible no implementado en IT0),Carlos Oyarzun (aceptación por grupo en chat),2026-10-06
GRD-RV-01,GRD,specs/state-machines/revocation.spec.yaml,sin TEST-CNS que lo cite en test-matrix.csv ni fila de maquina de estados con test; sin cita en src/ ni db/ (posible no implementado en IT0),Carlos Oyarzun (aceptación por grupo en chat),2026-10-06
GRD-RV-05,GRD,specs/state-machines/revocation.spec.yaml,"sin TEST-CNS que lo cite en test-matrix.csv ni fila de maquina de estados con test; citado en codigo (2 archivos, p.ej. src/server/entrypoints/http/revocation-flow.handler.ts) sin test que lo cite",Carlos Oyarzun (aceptación por grupo en chat),2026-10-06
GRD-RV-07,GRD,specs/state-machines/revocation.spec.yaml,"sin TEST-CNS que lo cite en test-matrix.csv ni fila de maquina de estados con test; citado en codigo (2 archivos, p.ej. src/server/modules/common/errors.ts) sin test que lo cite",Carlos Oyarzun (aceptación por grupo en chat),2026-10-06
GRD-RV-08,GRD,specs/state-machines/revocation.spec.yaml,sin TEST-CNS que lo cite en test-matrix.csv ni fila de maquina de estados con test; sin cita en src/ ni db/ (posible no implementado en IT0),Carlos Oyarzun (aceptación por grupo en chat),2026-10-06
GRD-RV-16,GRD,specs/state-machines/revocation.spec.yaml,sin TEST-CNS que lo cite en test-matrix.csv ni fila de maquina de estados con test; sin cita en src/ ni db/ (posible no implementado en IT0),Carlos Oyarzun (aceptación por grupo en chat),2026-10-06
GRD-RV-17,GRD,specs/state-machines/revocation.spec.yaml,"sin TEST-CNS que lo cite en test-matrix.csv ni fila de maquina de estados con test; citado en codigo (1 archivos, p.ej. src/server/modules/revocation/revocation.ts) sin test que lo cite",Carlos Oyarzun (aceptación por grupo en chat),2026-10-06
GRD-RV-18,GRD,specs/state-machines/revocation.spec.yaml,sin TEST-CNS que lo cite en test-matrix.csv ni fila de maquina de estados con test; sin cita en src/ ni db/ (posible no implementado en IT0),Carlos Oyarzun (aceptación por grupo en chat),2026-10-06
GRD-RV-21,GRD,specs/state-machines/revocation.spec.yaml,sin TEST-CNS que lo cite en test-matrix.csv ni fila de maquina de estados con test; sin cita en src/ ni db/ (posible no implementado en IT0),Carlos Oyarzun (aceptación por grupo en chat),2026-10-06
GRD-RV-22,GRD,specs/state-machines/revocation.spec.yaml,sin TEST-CNS que lo cite en test-matrix.csv ni fila de maquina de estados con test; sin cita en src/ ni db/ (posible no implementado en IT0),Carlos Oyarzun (aceptación por grupo en chat),2026-10-06
GRD-RV-24,GRD,specs/state-machines/revocation.spec.yaml,"sin TEST-CNS que lo cite en test-matrix.csv ni fila de maquina de estados con test; citado en codigo (1 archivos, p.ej. src/server/modules/revocation/revocation.ts) sin test que lo cite",Carlos Oyarzun (aceptación por grupo en chat),2026-10-06
GRD-RV-25,GRD,specs/state-machines/revocation.spec.yaml,"sin TEST-CNS que lo cite en test-matrix.csv ni fila de maquina de estados con test; citado en codigo (2 archivos, p.ej. src/server/modules/revocation/revocation.ts) sin test que lo cite",Carlos Oyarzun (aceptación por grupo en chat),2026-10-06
GRD-RV-28,GRD,specs/state-machines/revocation.spec.yaml,"sin TEST-CNS que lo cite en test-matrix.csv ni fila de maquina de estados con test; citado en codigo (1 archivos, p.ej. src/server/modules/revocation/revocation.ts) sin test que lo cite",Carlos Oyarzun (aceptación por grupo en chat),2026-10-06
GRD-SE-03,GRD,specs/session.spec.yaml,sin TEST-CNS que lo cite en test-matrix.csv ni fila de maquina de estados con test; sin cita en src/ ni db/ (posible no implementado en IT0),Carlos Oyarzun (aceptación por grupo en chat),2026-10-06
GRD-SE-04,GRD,specs/session.spec.yaml,sin TEST-CNS que lo cite en test-matrix.csv ni fila de maquina de estados con test; sin cita en src/ ni db/ (posible no implementado en IT0),Carlos Oyarzun (aceptación por grupo en chat),2026-10-06
GRD-SE-05,GRD,specs/session.spec.yaml,sin TEST-CNS que lo cite en test-matrix.csv ni fila de maquina de estados con test; sin cita en src/ ni db/ (posible no implementado en IT0),Carlos Oyarzun (aceptación por grupo en chat),2026-10-06
GRD-SE-07,GRD,specs/session.spec.yaml,sin TEST-CNS que lo cite en test-matrix.csv ni fila de maquina de estados con test; sin cita en src/ ni db/ (posible no implementado en IT0),Carlos Oyarzun (aceptación por grupo en chat),2026-10-06
GRD-SE-10,GRD,specs/session.spec.yaml,sin TEST-CNS que lo cite en test-matrix.csv ni fila de maquina de estados con test; sin cita en src/ ni db/ (posible no implementado en IT0),Carlos Oyarzun (aceptación por grupo en chat),2026-10-06
GRD-SE-12,GRD,specs/session.spec.yaml,sin TEST-CNS que lo cite en test-matrix.csv ni fila de maquina de estados con test; sin cita en src/ ni db/ (posible no implementado en IT0),Carlos Oyarzun (aceptación por grupo en chat),2026-10-06
GRD-SE-13,GRD,specs/session.spec.yaml,sin TEST-CNS que lo cite en test-matrix.csv ni fila de maquina de estados con test; sin cita en src/ ni db/ (posible no implementado en IT0),Carlos Oyarzun (aceptación por grupo en chat),2026-10-06
GRD-TC-01,GRD,specs/state-machines/tenant-context.spec.yaml,sin TEST-CNS que lo cite en test-matrix.csv ni fila de maquina de estados con test; sin cita en src/ ni db/ (posible no implementado en IT0),Carlos Oyarzun (aceptación por grupo en chat),2026-10-06
GRD-TC-02,GRD,specs/state-machines/tenant-context.spec.yaml,sin TEST-CNS que lo cite en test-matrix.csv ni fila de maquina de estados con test; sin cita en src/ ni db/ (posible no implementado en IT0),Carlos Oyarzun (aceptación por grupo en chat),2026-10-06
GRD-TC-04,GRD,specs/state-machines/tenant-context.spec.yaml,sin TEST-CNS que lo cite en test-matrix.csv ni fila de maquina de estados con test; sin cita en src/ ni db/ (posible no implementado en IT0),Carlos Oyarzun (aceptación por grupo en chat),2026-10-06
GRD-TC-05,GRD,specs/state-machines/tenant-context.spec.yaml,sin TEST-CNS que lo cite en test-matrix.csv ni fila de maquina de estados con test; sin cita en src/ ni db/ (posible no implementado en IT0),Carlos Oyarzun (aceptación por grupo en chat),2026-10-06
GRD-TC-06,GRD,specs/state-machines/tenant-context.spec.yaml,sin TEST-CNS que lo cite en test-matrix.csv ni fila de maquina de estados con test; sin cita en src/ ni db/ (posible no implementado en IT0),Carlos Oyarzun (aceptación por grupo en chat),2026-10-06
GRD-TC-07,GRD,specs/state-machines/tenant-context.spec.yaml,sin TEST-CNS que lo cite en test-matrix.csv ni fila de maquina de estados con test; sin cita en src/ ni db/ (posible no implementado en IT0),Carlos Oyarzun (aceptación por grupo en chat),2026-10-06
GRD-TC-08,GRD,specs/state-machines/tenant-context.spec.yaml,sin TEST-CNS que lo cite en test-matrix.csv ni fila de maquina de estados con test; sin cita en src/ ni db/ (posible no implementado en IT0),Carlos Oyarzun (aceptación por grupo en chat),2026-10-06
INV-11,INV,traceability/state-machine-matrix.csv,sin TEST-CNS que lo cite en test-matrix.csv ni fila de maquina de estados con test; sin cita en src/ ni db/ (posible no implementado en IT0),Carlos Oyarzun (aceptación por grupo en chat),2026-10-06
INV-12,INV,traceability/state-machine-matrix.csv,sin TEST-CNS que lo cite en test-matrix.csv ni fila de maquina de estados con test; sin cita en src/ ni db/ (posible no implementado en IT0),Carlos Oyarzun (aceptación por grupo en chat),2026-10-06
INV-13,INV,traceability/state-machine-matrix.csv,"sin TEST-CNS que lo cite en test-matrix.csv ni fila de maquina de estados con test; citado en codigo (1 archivos, p.ej. src/server/modules/revocation/revocation.ts) sin test que lo cite",Carlos Oyarzun (aceptación por grupo en chat),2026-10-06
INV-14,INV,traceability/state-machine-matrix.csv,sin TEST-CNS que lo cite en test-matrix.csv ni fila de maquina de estados con test; sin cita en src/ ni db/ (posible no implementado en IT0),Carlos Oyarzun (aceptación por grupo en chat),2026-10-06
INV-15,INV,traceability/state-machine-matrix.csv,sin TEST-CNS que lo cite en test-matrix.csv ni fila de maquina de estados con test; sin cita en src/ ni db/ (posible no implementado en IT0),Carlos Oyarzun (aceptación por grupo en chat),2026-10-06
INV-16,INV,traceability/state-machine-matrix.csv,sin TEST-CNS que lo cite en test-matrix.csv ni fila de maquina de estados con test; sin cita en src/ ni db/ (posible no implementado en IT0),Carlos Oyarzun (aceptación por grupo en chat),2026-10-06
INV-17,INV,traceability/state-machine-matrix.csv,sin TEST-CNS que lo cite en test-matrix.csv ni fila de maquina de estados con test; sin cita en src/ ni db/ (posible no implementado en IT0),Carlos Oyarzun (aceptación por grupo en chat),2026-10-06
INV-4,INV,traceability/state-machine-matrix.csv,sin TEST-CNS que lo cite en test-matrix.csv ni fila de maquina de estados con test; sin cita en src/ ni db/ (posible no implementado en IT0),Carlos Oyarzun (aceptación por grupo en chat),2026-10-06
INV-7,INV,traceability/state-machine-matrix.csv,sin TEST-CNS que lo cite en test-matrix.csv ni fila de maquina de estados con test; sin cita en src/ ni db/ (posible no implementado en IT0),Carlos Oyarzun (aceptación por grupo en chat),2026-10-06
INV-8,INV,traceability/state-machine-matrix.csv,sin TEST-CNS que lo cite en test-matrix.csv ni fila de maquina de estados con test; sin cita en src/ ni db/ (posible no implementado en IT0),Carlos Oyarzun (aceptación por grupo en chat),2026-10-06
INV-9,INV,traceability/state-machine-matrix.csv,sin TEST-CNS que lo cite en test-matrix.csv ni fila de maquina de estados con test; sin cita en src/ ni db/ (posible no implementado en IT0),Carlos Oyarzun (aceptación por grupo en chat),2026-10-06
INV-CD-01,INV,specs/state-machines/consent-decision.spec.yaml,sin TEST-CNS que lo cite en test-matrix.csv ni fila de maquina de estados con test; sin cita en src/ ni db/ (posible no implementado en IT0),Carlos Oyarzun (aceptación por grupo en chat),2026-10-06
INV-CD-02,INV,specs/state-machines/consent-decision.spec.yaml,sin TEST-CNS que lo cite en test-matrix.csv ni fila de maquina de estados con test; sin cita en src/ ni db/ (posible no implementado en IT0),Carlos Oyarzun (aceptación por grupo en chat),2026-10-06
INV-CD-03,INV,specs/state-machines/consent-decision.spec.yaml,sin TEST-CNS que lo cite en test-matrix.csv ni fila de maquina de estados con test; sin cita en src/ ni db/ (posible no implementado en IT0),Carlos Oyarzun (aceptación por grupo en chat),2026-10-06
INV-CD-04,INV,specs/state-machines/consent-decision.spec.yaml,sin TEST-CNS que lo cite en test-matrix.csv ni fila de maquina de estados con test; sin cita en src/ ni db/ (posible no implementado en IT0),Carlos Oyarzun (aceptación por grupo en chat),2026-10-06
INV-CD-05,INV,specs/state-machines/consent-decision.spec.yaml,sin TEST-CNS que lo cite en test-matrix.csv ni fila de maquina de estados con test; sin cita en src/ ni db/ (posible no implementado en IT0),Carlos Oyarzun (aceptación por grupo en chat),2026-10-06
INV-CD-06,INV,specs/state-machines/consent-decision.spec.yaml,sin TEST-CNS que lo cite en test-matrix.csv ni fila de maquina de estados con test; sin cita en src/ ni db/ (posible no implementado en IT0),Carlos Oyarzun (aceptación por grupo en chat),2026-10-06
INV-CM-03,INV,specs/state-machines/common.spec.yaml,sin TEST-CNS que lo cite en test-matrix.csv ni fila de maquina de estados con test; sin cita en src/ ni db/ (posible no implementado en IT0),Carlos Oyarzun (aceptación por grupo en chat),2026-10-06
INV-CM-04,INV,specs/state-machines/common.spec.yaml,sin TEST-CNS que lo cite en test-matrix.csv ni fila de maquina de estados con test; sin cita en src/ ni db/ (posible no implementado en IT0),Carlos Oyarzun (aceptación por grupo en chat),2026-10-06
INV-CM-07,INV,specs/state-machines/common.spec.yaml,sin TEST-CNS que lo cite en test-matrix.csv ni fila de maquina de estados con test; sin cita en src/ ni db/ (posible no implementado en IT0),Carlos Oyarzun (aceptación por grupo en chat),2026-10-06
INV-CM-10,INV,specs/state-machines/common.spec.yaml,sin TEST-CNS que lo cite en test-matrix.csv ni fila de maquina de estados con test; sin cita en src/ ni db/ (posible no implementado en IT0),Carlos Oyarzun (aceptación por grupo en chat),2026-10-06
INV-CM-11,INV,specs/state-machines/common.spec.yaml,sin TEST-CNS que lo cite en test-matrix.csv ni fila de maquina de estados con test; sin cita en src/ ni db/ (posible no implementado en IT0),Carlos Oyarzun (aceptación por grupo en chat),2026-10-06
INV-IV-01,INV,specs/state-machines/invitation.spec.yaml,sin TEST-CNS que lo cite en test-matrix.csv ni fila de maquina de estados con test; sin cita en src/ ni db/ (posible no implementado en IT0),Carlos Oyarzun (aceptación por grupo en chat),2026-10-06
INV-IV-02,INV,specs/state-machines/invitation.spec.yaml,sin TEST-CNS que lo cite en test-matrix.csv ni fila de maquina de estados con test; sin cita en src/ ni db/ (posible no implementado en IT0),Carlos Oyarzun (aceptación por grupo en chat),2026-10-06
INV-IV-05,INV,specs/state-machines/invitation.spec.yaml,sin TEST-CNS que lo cite en test-matrix.csv ni fila de maquina de estados con test; sin cita en src/ ni db/ (posible no implementado en IT0),Carlos Oyarzun (aceptación por grupo en chat),2026-10-06
INV-IV-06,INV,specs/state-machines/invitation.spec.yaml,sin TEST-CNS que lo cite en test-matrix.csv ni fila de maquina de estados con test; sin cita en src/ ni db/ (posible no implementado en IT0),Carlos Oyarzun (aceptación por grupo en chat),2026-10-06
INV-IV-07,INV,specs/state-machines/invitation.spec.yaml,sin TEST-CNS que lo cite en test-matrix.csv ni fila de maquina de estados con test; sin cita en src/ ni db/ (posible no implementado en IT0),Carlos Oyarzun (aceptación por grupo en chat),2026-10-06
INV-IV-08,INV,specs/state-machines/invitation.spec.yaml,sin TEST-CNS que lo cite en test-matrix.csv ni fila de maquina de estados con test; sin cita en src/ ni db/ (posible no implementado en IT0),Carlos Oyarzun (aceptación por grupo en chat),2026-10-06
INV-OT-01,INV,specs/state-machines/otp-challenge.spec.yaml,"sin TEST-CNS que lo cite en test-matrix.csv ni fila de maquina de estados con test; citado en codigo (1 archivos, p.ej. src/server/entrypoints/http/verify-page.ts) sin test que lo cite",Carlos Oyarzun (aceptación por grupo en chat),2026-10-06
INV-OT-03,INV,specs/state-machines/otp-challenge.spec.yaml,sin TEST-CNS que lo cite en test-matrix.csv ni fila de maquina de estados con test; sin cita en src/ ni db/ (posible no implementado en IT0),Carlos Oyarzun (aceptación por grupo en chat),2026-10-06
INV-OT-04,INV,specs/state-machines/otp-challenge.spec.yaml,sin TEST-CNS que lo cite en test-matrix.csv ni fila de maquina de estados con test; sin cita en src/ ni db/ (posible no implementado en IT0),Carlos Oyarzun (aceptación por grupo en chat),2026-10-06
INV-OT-08,INV,specs/state-machines/otp-challenge.spec.yaml,sin TEST-CNS que lo cite en test-matrix.csv ni fila de maquina de estados con test; sin cita en src/ ni db/ (posible no implementado en IT0),Carlos Oyarzun (aceptación por grupo en chat),2026-10-06
INV-RC-01,INV,specs/state-machines/rights-case.spec.yaml,sin TEST-CNS que lo cite en test-matrix.csv ni fila de maquina de estados con test; sin cita en src/ ni db/ (posible no implementado en IT0),Carlos Oyarzun (aceptación por grupo en chat),2026-10-06
INV-RC-02,INV,specs/state-machines/rights-case.spec.yaml,sin TEST-CNS que lo cite en test-matrix.csv ni fila de maquina de estados con test; sin cita en src/ ni db/ (posible no implementado en IT0),Carlos Oyarzun (aceptación por grupo en chat),2026-10-06
INV-RC-03,INV,specs/state-machines/rights-case.spec.yaml,sin TEST-CNS que lo cite en test-matrix.csv ni fila de maquina de estados con test; sin cita en src/ ni db/ (posible no implementado en IT0),Carlos Oyarzun (aceptación por grupo en chat),2026-10-06
INV-RC-05,INV,specs/state-machines/rights-case.spec.yaml,sin TEST-CNS que lo cite en test-matrix.csv ni fila de maquina de estados con test; sin cita en src/ ni db/ (posible no implementado en IT0),Carlos Oyarzun (aceptación por grupo en chat),2026-10-06
INV-RC-06,INV,specs/state-machines/rights-case.spec.yaml,sin TEST-CNS que lo cite en test-matrix.csv ni fila de maquina de estados con test; sin cita en src/ ni db/ (posible no implementado en IT0),Carlos Oyarzun (aceptación por grupo en chat),2026-10-06
INV-RV-02,INV,specs/state-machines/revocation.spec.yaml,sin TEST-CNS que lo cite en test-matrix.csv ni fila de maquina de estados con test; sin cita en src/ ni db/ (posible no implementado en IT0),Carlos Oyarzun (aceptación por grupo en chat),2026-10-06
INV-RV-04,INV,specs/state-machines/revocation.spec.yaml,sin TEST-CNS que lo cite en test-matrix.csv ni fila de maquina de estados con test; sin cita en src/ ni db/ (posible no implementado en IT0),Carlos Oyarzun (aceptación por grupo en chat),2026-10-06
INV-RV-05,INV,specs/state-machines/revocation.spec.yaml,sin TEST-CNS que lo cite en test-matrix.csv ni fila de maquina de estados con test; sin cita en src/ ni db/ (posible no implementado en IT0),Carlos Oyarzun (aceptación por grupo en chat),2026-10-06
INV-RV-06,INV,specs/state-machines/revocation.spec.yaml,sin TEST-CNS que lo cite en test-matrix.csv ni fila de maquina de estados con test; sin cita en src/ ni db/ (posible no implementado en IT0),Carlos Oyarzun (aceptación por grupo en chat),2026-10-06
INV-RV-07,INV,specs/state-machines/revocation.spec.yaml,"sin TEST-CNS que lo cite en test-matrix.csv ni fila de maquina de estados con test; citado en codigo (1 archivos, p.ej. src/server/modules/revocation/revocation.ts) sin test que lo cite",Carlos Oyarzun (aceptación por grupo en chat),2026-10-06
INV-RV-08,INV,specs/state-machines/revocation.spec.yaml,sin TEST-CNS que lo cite en test-matrix.csv ni fila de maquina de estados con test; sin cita en src/ ni db/ (posible no implementado en IT0),Carlos Oyarzun (aceptación por grupo en chat),2026-10-06
INV-RV-09,INV,specs/state-machines/revocation.spec.yaml,sin TEST-CNS que lo cite en test-matrix.csv ni fila de maquina de estados con test; sin cita en src/ ni db/ (posible no implementado en IT0),Carlos Oyarzun (aceptación por grupo en chat),2026-10-06
INV-RV-10,INV,specs/state-machines/revocation.spec.yaml,sin TEST-CNS que lo cite en test-matrix.csv ni fila de maquina de estados con test; sin cita en src/ ni db/ (posible no implementado en IT0),Carlos Oyarzun (aceptación por grupo en chat),2026-10-06
INV-SE-01,INV,specs/session.spec.yaml,sin TEST-CNS que lo cite en test-matrix.csv ni fila de maquina de estados con test; sin cita en src/ ni db/ (posible no implementado en IT0),Carlos Oyarzun (aceptación por grupo en chat),2026-10-06
INV-SE-02,INV,specs/session.spec.yaml,sin TEST-CNS que lo cite en test-matrix.csv ni fila de maquina de estados con test; sin cita en src/ ni db/ (posible no implementado en IT0),Carlos Oyarzun (aceptación por grupo en chat),2026-10-06
INV-SE-03,INV,specs/session.spec.yaml,sin TEST-CNS que lo cite en test-matrix.csv ni fila de maquina de estados con test; sin cita en src/ ni db/ (posible no implementado en IT0),Carlos Oyarzun (aceptación por grupo en chat),2026-10-06
INV-TC-01,INV,specs/state-machines/tenant-context.spec.yaml,sin TEST-CNS que lo cite en test-matrix.csv ni fila de maquina de estados con test; sin cita en src/ ni db/ (posible no implementado en IT0),Carlos Oyarzun (aceptación por grupo en chat),2026-10-06
INV-TC-02,INV,specs/state-machines/tenant-context.spec.yaml,sin TEST-CNS que lo cite en test-matrix.csv ni fila de maquina de estados con test; sin cita en src/ ni db/ (posible no implementado en IT0),Carlos Oyarzun (aceptación por grupo en chat),2026-10-06
INV-TC-03,INV,specs/state-machines/tenant-context.spec.yaml,sin TEST-CNS que lo cite en test-matrix.csv ni fila de maquina de estados con test; sin cita en src/ ni db/ (posible no implementado en IT0),Carlos Oyarzun (aceptación por grupo en chat),2026-10-06
API-CNS-001,API,specs/state-machines/consent-decision.spec.yaml,"sin TEST-CNS que lo cite en test-matrix.csv; sin cita en src/ ni db/ (no construido o no demostrable en IT0); API interna del stub consumidor (segun material X8, no verificado)",Carlos Oyarzun (aceptación por grupo en chat),2026-10-06
API-CNS-100,API,contracts/openapi/consent-it0.openapi.yaml,sin TEST-CNS que lo cite en test-matrix.csv; sin cita en src/ ni db/ (no construido o no demostrable en IT0),Carlos Oyarzun (aceptación por grupo en chat),2026-10-06
API-CNS-106,API,contracts/openapi/consent-it0.openapi.yaml,sin TEST-CNS que lo cite en test-matrix.csv; sin cita en src/ ni db/ (no construido o no demostrable en IT0),Carlos Oyarzun (aceptación por grupo en chat),2026-10-06
API-CNS-107,API,contracts/openapi/consent-it0.openapi.yaml,sin TEST-CNS que lo cite en test-matrix.csv; sin cita en src/ ni db/ (no construido o no demostrable en IT0),Carlos Oyarzun (aceptación por grupo en chat),2026-10-06
API-CNS-113,API,contracts/openapi/consent-it0.openapi.yaml,"sin TEST-CNS que lo cite en test-matrix.csv; sin cita en src/ ni db/ (no construido o no demostrable en IT0); UI bloqueada por DEC-BR-019 D3 (segun material X8, no verificado)",Carlos Oyarzun (aceptación por grupo en chat),2026-10-06
API-CNS-114,API,contracts/openapi/consent-it0.openapi.yaml,"sin TEST-CNS que lo cite en test-matrix.csv; sin cita en src/ ni db/ (no construido o no demostrable en IT0); UI bloqueada por DEC-BR-019 D3 (segun material X8, no verificado)",Carlos Oyarzun (aceptación por grupo en chat),2026-10-06
API-CNS-125,API,contracts/openapi/consent-it0.openapi.yaml,sin TEST-CNS que lo cite en test-matrix.csv; sin cita en src/ ni db/ (no construido o no demostrable en IT0),Carlos Oyarzun (aceptación por grupo en chat),2026-10-06
API-CNS-128,API,contracts/openapi/consent-it0.openapi.yaml,sin TEST-CNS que lo cite en test-matrix.csv; citado en codigo (src/server/entrypoints/http/decision-page.ts) sin test,Carlos Oyarzun (aceptación por grupo en chat),2026-10-06
API-CNS-145,API,contracts/openapi/consent-it0.openapi.yaml,sin TEST-CNS que lo cite en test-matrix.csv; sin cita en src/ ni db/ (no construido o no demostrable en IT0),Carlos Oyarzun (aceptación por grupo en chat),2026-10-06
API-CNS-146,API,contracts/openapi/consent-it0.openapi.yaml,sin TEST-CNS que lo cite en test-matrix.csv; sin cita en src/ ni db/ (no construido o no demostrable en IT0),Carlos Oyarzun (aceptación por grupo en chat),2026-10-06
API-CNS-147,API,contracts/openapi/consent-it0.openapi.yaml,sin TEST-CNS que lo cite en test-matrix.csv; sin cita en src/ ni db/ (no construido o no demostrable en IT0),Carlos Oyarzun (aceptación por grupo en chat),2026-10-06
API-CNS-148,API,contracts/openapi/consent-it0.openapi.yaml,sin TEST-CNS que lo cite en test-matrix.csv; sin cita en src/ ni db/ (no construido o no demostrable en IT0),Carlos Oyarzun (aceptación por grupo en chat),2026-10-06
API-CNS-180,API,contracts/schemas/common.schema.json,sin TEST-CNS que lo cite en test-matrix.csv; sin cita en src/ ni db/ (no construido o no demostrable en IT0),Carlos Oyarzun (aceptación por grupo en chat),2026-10-06
API-CNS-181,API,contracts/schemas/api-payloads.schema.json,sin TEST-CNS que lo cite en test-matrix.csv; sin cita en src/ ni db/ (no construido o no demostrable en IT0),Carlos Oyarzun (aceptación por grupo en chat),2026-10-06
API-CNS-182,API,contracts/schemas/ledger-envelope.schema.json,sin TEST-CNS que lo cite en test-matrix.csv; sin cita en src/ ni db/ (no construido o no demostrable en IT0),Carlos Oyarzun (aceptación por grupo en chat),2026-10-06
API-CNS-183,API,contracts/schemas/ledger-event-payloads.schema.json,sin TEST-CNS que lo cite en test-matrix.csv; sin cita en src/ ni db/ (no construido o no demostrable en IT0),Carlos Oyarzun (aceptación por grupo en chat),2026-10-06
API-CNS-187,API,contracts/schemas/decision-maker-verification.schema.json,sin TEST-CNS que lo cite en test-matrix.csv; sin cita en src/ ni db/ (no construido o no demostrable en IT0),Carlos Oyarzun (aceptación por grupo en chat),2026-10-06
API-CNS-189,API,contracts/schemas/revocation.schema.json,sin TEST-CNS que lo cite en test-matrix.csv; sin cita en src/ ni db/ (no construido o no demostrable en IT0),Carlos Oyarzun (aceptación por grupo en chat),2026-10-06
API-CNS-190,API,contracts/schemas/rights-case.schema.json,sin TEST-CNS que lo cite en test-matrix.csv; sin cita en src/ ni db/ (no construido o no demostrable en IT0),Carlos Oyarzun (aceptación por grupo en chat),2026-10-06
API-CNS-191,API,contracts/schemas/tenant-context.schema.json,sin TEST-CNS que lo cite en test-matrix.csv; sin cita en src/ ni db/ (no construido o no demostrable en IT0),Carlos Oyarzun (aceptación por grupo en chat),2026-10-06
REQ-CNS-035,REQ,specs/state-machines/tenant-context.spec.yaml,sin TEST-CNS que lo cite en test-matrix.csv; sin cita en src/ ni db/ (no construido o no demostrable en IT0),Carlos Oyarzun (aceptación por grupo en chat),2026-10-06
REQ-CNS-TBD-01,REQ,specs/state-machines/common.spec.yaml,sin TEST-CNS que lo cite en test-matrix.csv; sin cita en src/ ni db/ (no construido o no demostrable en IT0),Carlos Oyarzun (aceptación por grupo en chat),2026-10-06
REQ-CNS-TBD-02,REQ,specs/state-machines/common.spec.yaml,sin TEST-CNS que lo cite en test-matrix.csv; sin cita en src/ ni db/ (no construido o no demostrable en IT0),Carlos Oyarzun (aceptación por grupo en chat),2026-10-06
REQ-CNS-TBD-03,REQ,specs/state-machines/revocation.spec.yaml,sin TEST-CNS que lo cite en test-matrix.csv; sin cita en src/ ni db/ (no construido o no demostrable en IT0),Carlos Oyarzun (aceptación por grupo en chat),2026-10-06
REQ-CNS-TBD-04,REQ,specs/state-machines/revocation.spec.yaml,sin TEST-CNS que lo cite en test-matrix.csv; sin cita en src/ ni db/ (no construido o no demostrable en IT0),Carlos Oyarzun (aceptación por grupo en chat),2026-10-06
REQ-CNS-TBD-05,REQ,specs/state-machines/consent-decision.spec.yaml,sin TEST-CNS que lo cite en test-matrix.csv; sin cita en src/ ni db/ (no construido o no demostrable en IT0),Carlos Oyarzun (aceptación por grupo en chat),2026-10-06
REQ-CNS-TBD-06,REQ,specs/state-machines/revocation.spec.yaml,sin TEST-CNS que lo cite en test-matrix.csv; sin cita en src/ ni db/ (no construido o no demostrable en IT0),Carlos Oyarzun (aceptación por grupo en chat),2026-10-06
REQ-CNS-TBD-07,REQ,specs/state-machines/invitation.spec.yaml,sin TEST-CNS que lo cite en test-matrix.csv; sin cita en src/ ni db/ (no construido o no demostrable en IT0),Carlos Oyarzun (aceptación por grupo en chat),2026-10-06
REQ-CNS-TBD-08,REQ,specs/state-machines/revocation.spec.yaml,sin TEST-CNS que lo cite en test-matrix.csv; sin cita en src/ ni db/ (no construido o no demostrable en IT0),Carlos Oyarzun (aceptación por grupo en chat),2026-10-06
RULE-CNS-013,RULE,specs/state-machines/consent-decision.spec.yaml,sin TEST-CNS que lo cite en test-matrix.csv; sin cita en src/ ni db/ (no construido o no demostrable en IT0),Carlos Oyarzun (aceptación por grupo en chat),2026-10-06
RULE-CNS-022,RULE,specs/state-machines/invitation.spec.yaml,sin TEST-CNS que lo cite en test-matrix.csv; sin cita en src/ ni db/ (no construido o no demostrable en IT0),Carlos Oyarzun (aceptación por grupo en chat),2026-10-06
RULE-CNS-024,RULE,specs/state-machines/invitation.spec.yaml,sin TEST-CNS que lo cite en test-matrix.csv; sin cita en src/ ni db/ (no construido o no demostrable en IT0),Carlos Oyarzun (aceptación por grupo en chat),2026-10-06
RULE-CNS-025,RULE,specs/state-machines/consent-decision.spec.yaml,sin TEST-CNS que lo cite en test-matrix.csv; citado en codigo (src/server/modules/revocation) sin test,Carlos Oyarzun (aceptación por grupo en chat),2026-10-06
RULE-CNS-026,RULE,specs/state-machines/revocation.spec.yaml,sin TEST-CNS que lo cite en test-matrix.csv; citado en codigo (src/server/modules/revocation) sin test,Carlos Oyarzun (aceptación por grupo en chat),2026-10-06
RULE-CNS-027,RULE,specs/state-machines/consent-decision.spec.yaml,sin TEST-CNS que lo cite en test-matrix.csv; sin cita en src/ ni db/ (no construido o no demostrable en IT0),Carlos Oyarzun (aceptación por grupo en chat),2026-10-06
RULE-CNS-029,RULE,specs/state-machines/invitation.spec.yaml,sin TEST-CNS que lo cite en test-matrix.csv; sin cita en src/ ni db/ (no construido o no demostrable en IT0),Carlos Oyarzun (aceptación por grupo en chat),2026-10-06
RULE-CNS-TBD-01,RULE,specs/state-machines/common.spec.yaml,sin TEST-CNS que lo cite en test-matrix.csv; sin cita en src/ ni db/ (no construido o no demostrable en IT0),Carlos Oyarzun (aceptación por grupo en chat),2026-10-06
RULE-CNS-TBD-02,RULE,specs/state-machines/revocation.spec.yaml,sin TEST-CNS que lo cite en test-matrix.csv; sin cita en src/ ni db/ (no construido o no demostrable en IT0),Carlos Oyarzun (aceptación por grupo en chat),2026-10-06
